1	[]
2	['Numbered Air Force']
3	['artist', 'art']
4	['American made']
5	['fencer']
6	['Australian actress']
7	['play']
8	['entomologist']
9	['expansion pack']
10	['district']
11	['writer', 'publisher']
12	['basketball player', 'play', 'layer']
13	['town']
14	['enzyme']
15	['film']
16	['shopping mall']
17	['film']
18	['ship', 'sea', 'first']
19	['artist', 'engineer']
20	['commune in the Cantal']
21	['rank in the Pakistan Air', 'former rank in', 'chief technician']
22	['school', 'painting', 'inn']
23	['commune in the Ille']
24	['year', 'star', 'mons', 'common year', 'art']
25	['basketball player']
26	['rapper']
27	['politician', 'business']
28	['granite tor']
29	['act', 'aria', 'opera']
30	['philosopher', 'mathematician', 'war', 'art']
31	['road', 'governor', 'province']
32	['town', 'municipality']
33	['Argentine tango professional']
34	['neighbourhood of Tartu , Estonia']
35	['species of plant']
36	['play', 'tournament', 'country', 'name', 'count']
37	['former Italian racing cyclist']
38	['sea', 'competition']
39	['manager']
40	['play']
41	['city']
42	['politician', 'trade union', 'trade unionist']
43	['village']
44	['based on Puppy']
45	['swimmer']
46	['guitarist', 'producer', 'country', 'count']
47	['play']
48	['negative mesophilic motile']
49	['art']
50	[]
51	['art director', 'production designer']
52	['battle']
53	['family']
54	['native to Central']
55	['wat']
56	['species of skink endemic']
57	['American soccer player']
58	['year', 'event']
59	['manager']
60	['association']
61	['writer', 'physician', 'anthropologist', 'ethnologist']
62	['long']
63	['Russian surname']
64	['family']
65	['ship', 'championship']
66	['sea']
67	['American sitcom']
68	['joint venture', 'ratio']
69	['painter', 'sculptor', 'painting', 'act']
70	['year', 'event']
71	['science fiction novelette']
72	['Australian rules footballer']
73	['ship', 'mine', 'first', 'name']
74	['live album']
75	['journalist', 'physician', 'journal', 'erg', 'list']
76	['film']
77	['former field hockey midfielder']
78	['114th staging of the Antrim']
79	['building']
80	['historic Baptist church']
81	[]
82	['saxophonist', 'clarinetist']
83	['rock']
84	['writer', 'screenwriter']
85	['Mexican telenovela actress']
86	['point']
87	['family']
88	['3']
89	['hill']
90	['one - way lane']
91	['star', 'art']
92	['cave']
93	['powder fatski']
94	['mons']
95	['timeline']
96	['rule', 'art']
97	['name']
98	['sea', 'club', 'tournament', 'brand', 'name']
99	['mountain']
100	['politician', 'inventor', 'dam']
101	['social worker', 'province']
102	[]
103	['species of beetle']
104	['art']
105	['Australian']
106	['mons', 'street', 'ratio']
107	['erg']
108	['people']
109	['club']
110	['sea', 'act']
111	['protected area']
112	['English transcription of']
113	['sea']
114	['large tidewater glacier']
115	['gymnast']
116	['political party']
117	[]
118	['species of tephritid or fruit']
119	[]
120	['species of amphipod crustacean']
121	['video game']
122	['painter', 'bridge', 'painting', 'ridge', 'college', 'landscape', 'cape', 'wat']
123	['ICC 107/1']
124	['primary school']
125	['sea']
126	['software', 'war', 'document']
127	['cabinet', 'political party', 'party', 'art']
128	['ship', 'sea', 'port']
129	['journalist']
130	['executive', 'entrepreneur', 'founder']
131	['district']
132	['family']
133	['play']
134	['city']
135	['organization']
136	['area']
137	['species of gecko']
138	['Gekkonidae ( gecko']
139	['playwright', 'author', 'play']
140	['commune in the Manche']
141	['village']
142	['open - source implementation']
143	['surname']
144	['subsidiary']
145	['port', 'expedition', 'list']
146	['global online social platform']
147	['village']
148	['mountain']
149	['acid']
150	['family']
151	['hectare']
152	['protein']
153	['king']
154	['province']
155	['play']
156	['term']
157	['museum']
158	['composer']
159	['competition']
160	['cruise line with headquarters']
161	['governing body of Kabaddi']
162	['song']
163	['baseball team', 'college']
164	['ship']
165	['pronunciation system for Biblical Hebrew']
166	['country']
167	['genus of aphodiine dung beetles']
168	['neurological disorder characterised']
169	['poem']
170	['play']
171	['species of flowering plant']
172	['game']
173	['politician']
174	[]
175	['village']
176	['municipality']
177	[]
178	['war', 'warrior']
179	['fictional character']
180	['martial arts', 'event', 'art']
181	['play', 'tournament', 'court', 'profession', 'tennis tournament', 'name']
182	['species of beetle']
183	['singer']
184	['baseball team', 'play']
185	['city', 'island', 'area']
186	['sport']
187	['quasar']
188	['species of moth']
189	['race', 'ace']
190	['species of flowering plant']
191	['political party', 'party', 'art', 'name']
192	['philosopher', 'translator', 'writer', 'mathematician', 'physicist', 'title']
193	['oldest existing collection']
194	['political coalition']
195	['film']
196	['district']
197	['governor']
198	['list']
199	['road']
200	['politician']
201	['member of the Bonneville']
202	['lane North']
203	['city', 'ship', 'name']
204	['species of bat']
205	['family']
206	['ship']
207	['village']
208	['author', 'clown']
209	['species of frog']
210	['competition', 'volleyball team']
211	['song']
212	[]
213	['river']
214	['name']
215	['hospital']
216	['wrestler']
217	[]
218	['actor']
219	['genus of moths']
220	['journalist', 'journal', 'port', 'sport', 'sports journalist', 'erg', 'list']
221	['village', 'municipality']
222	['digital library']
223	['sea', 'house', 'count']
224	['district']
225	['comedian']
226	['mixed martial artist']
227	['phenol found in urine']
228	['basketball team']
229	['film', 'film director', 'director', 'dish']
230	['historic house']
231	['year', 'play', 'star', 'mons', 'common year', 'art']
232	['cricketer']
233	['play', 'layer', 'field hockey player']
234	['Finnish former footballer']
235	['sculptor']
236	['artist', 'curator', 'project', 'ace', 'art']
237	['mill', 'historic district', 'list']
238	['poet', 'stairs']
239	['formation']
240	['medium - sized tree']
241	['village']
242	['weightlifter']
243	['sea']
244	['artist', 'writer', 'poet', 'short story', 'short story writer', 'art']
245	['town']
246	['district', 'count']
247	['graphic designer']
248	['award']
249	['National Earth Science agency']
250	['inventor', 'blacksmith']
251	['inorganic analytical']
252	['rower']
253	['politician']
254	['play']
255	['wide receiver for']
256	[]
257	['sports club']
258	['turn - based strategy']
259	['year', 'war']
260	['business', 'physician']
261	['long - distance runner']
262	['rural settlement in the Volosovsky']
263	['profession', 'list']
264	['military officer', 'civil servant']
265	['member of the Basque separatist']
266	['district']
267	['computational environment implemented']
268	['town']
269	['Roman silver drinking cup']
270	['opera']
271	['popular aquarium plant']
272	['politician', 'art']
273	['singer']
274	['composer', 'researcher']
275	['wrestler']
276	['opera']
277	['ship', 'play', 'championship', 'game']
278	['species of plant']
279	['company', 'ace']
280	['filmmaker']
281	['manager']
282	['book']
283	['political party']
284	['destroyer']
285	['stage']
286	['musical duo']
287	['official']
288	['lake']
289	['genus of tephritid']
290	['writer']
291	['Irish footballer']
292	['river']
293	[]
294	['album', 'live album', 'act', 'art']
295	['village']
296	['complex']
297	['poet', 'essayist', 'election', 'anthology', 'work', 'suffragist']
298	['species of moth']
299	['railway station']
300	['author', 'banker']
301	['writer']
302	['swimmer']
303	['American actress']
304	['breed of domestic sheep']
305	['district', 'art', 'area', 'count']
306	['species of geometrid moth']
307	[]
308	['manager']
309	['badminton player']
310	['club', 'mons', 'football club']
311	['historic scenic overlook in Preston']
312	[]
313	['radio station']
314	['football club']
315	[]
316	['municipality']
317	[]
318	['sport']
319	['founder']
320	['politician', 'art']
321	['species of conifer']
322	['album']
323	['flowering bush species']
324	['librarian', 'aria']
325	['disease', 'sea']
326	['district']
327	['given name']
328	['rock']
329	['company']
330	['politician']
331	['Swedish former cyclist']
332	['Belarusian professional football player']
333	['large freshwater snail']
334	['3']
335	['village', 'town']
336	['actor', 'coach']
337	['shopping mall']
338	['species of owlet moth']
339	['writer', 'author', 'work', 'first', 'principle', 'rule']
340	['language']
341	['play', 'tournament', 'court', 'profession', 'tennis tournament', 'name']
342	['writer', 'producer']
343	['actor']
344	[]
345	['publisher']
346	['studio album']
347	['district']
348	['order']
349	['cricket umpire']
350	['genus of cetotheriid mysticete']
351	['author']
352	['sculptor']
353	['forest']
354	['rock']
355	['sea']
356	['district']
357	['species of fern']
358	['literary award']
359	['play']
360	['sea', 'competition']
361	['Indian actress active']
362	[]
363	['municipality']
364	['building']
365	['Italian football player']
366	['formation', 'first']
367	[]
368	['star', 'article', 'restaurant', 'art', 'list']
369	['ship', 'town', 'house', 'lock']
370	['novelist', 'columnist']
371	['municipality', 'art']
372	['composer', 'musician', 'guitarist', 'jazz guitarist', 'stage', 'name']
373	['politician']
374	['concrete double']
375	['mosque']
376	['star']
377	['essayist']
378	['mountain']
379	['largest settlement on West Falkland']
380	['ace', 'title']
381	['species of brown algae']
382	['dance']
383	['curator', 'writer']
384	['family']
385	['horse race']
386	['genus of prehistoric sarcopterygians']
387	['game']
388	['cricketer']
389	['house']
390	['family']
391	['race track']
392	[]
393	['film']
394	['sea', 'tournament', 'name']
395	['town']
396	['comedian']
397	['politician', 'hill']
398	['blue giant with']
399	['term', 'position', 'policy']
400	['photographer', 'designer', 'war', 'typographer', 'nun', 'industrial designer', 'photograph', 'art']
401	['first']
402	['year']
403	['mons', 'opera', 'ratio', 'art']
404	['romance']
405	['title']
406	['family']
407	['species of frog']
408	['surname']
409	['species of bird']
410	['island']
411	['city', 'province']
412	['rugby union player']
413	['cricketer']
414	['district']
415	['genus of butterflies']
416	['gene', 'command', 'comma', 'list']
417	['politician', 'term', 'port', 'art']
418	['painter', 'academic', 'painting']
419	['politician']
420	['school teacher']
421	[]
422	['Canadian ice hockey forward']
423	['writer', 'prose']
424	['school', 'soldier', 'murder', 'group', 'mass murder', 'ace', 'mass', 'massacre']
425	['cross - country skier']
426	['city']
427	['channel']
428	['genus of flowering plants']
429	['species of bacteria']
430	['application']
431	['composer']
432	['first', 'count']
433	['alpine skier']
434	['Swedish footballer']
435	['port', 'ambassador']
436	['high school']
437	['locality', 'village']
438	['species of catfish']
439	['President', 'owner of PF Inc.']
440	['made']
441	['secondary school']
442	['species of plant']
443	[]
444	['protein']
445	['track cyclist']
446	['airport']
447	['parish church']
448	['club']
449	['ace']
450	['municipality']
451	[]
452	['former commune in the Côtes']
453	['village']
454	['species of flowering plant']
455	['school district']
456	['oldest minor - league']
457	['television series']
458	['British historical comedy']
459	[]
460	['project']
461	['club']
462	['musician']
463	['French cycle of chansons']
464	['politician', 'first', 'art']
465	['comic strip', 'dish']
466	['law enforcement agency']
467	['former commune in the Hérault']
468	['French professional footballer']
469	['river']
470	['art']
471	['cricketer']
472	['artist']
473	['asteroid']
474	['model']
475	[]
476	['uninhabited settlement in Croatia']
477	['organization']
478	['politician']
479	['ship', 'command', 'comma', 'leader']
480	['island']
481	['video game']
482	['stage']
483	['species of beetle']
484	['architectural firm']
485	['professional footballer for National']
486	['model']
487	['song']
488	['British – Australian comedy']
489	['asteroid']
490	['title']
491	['school district']
492	['ship', 'sea', 'competition']
493	['physician', 'engraver', 'May']
494	['gymnast']
495	['commune in the Morbihan']
496	['deity']
497	['American football nose tackle']
498	['football club']
499	['protein']
500	['species of ground beetle']
501	['family']
502	['river']
503	['river']
504	['artist']
505	['31st edition of the Japan']
506	['Athenian tragedy by Sophocles']
507	['chemical']
508	['river']
509	['sized']
510	['episcopate of Nicaragua']
511	['ship', 'championship']
512	['writer']
513	[]
514	['competition', 'qualification', 'art']
515	['village']
516	['company', 'list']
517	['port']
518	['position', 'mathematician']
519	['house']
520	['sports club']
521	['television actor']
522	['province']
523	['film']
524	['manuscript']
525	['Czech former football player']
526	['fungal plant pathogen']
527	['engineer', 'inventor', 'forest', 'inn']
528	['district']
529	['legislator', 'act', 'manufacturing']
530	['Deputy Chairman']
531	['manga series']
532	['video game']
533	['archaeologist', 'Professor Emeritus']
534	['species of orchid']
535	['ship', 'event']
536	['composer']
537	['sea']
538	['sea']
539	['municipality']
540	['inactive United States Air Force']
541	['located in']
542	['year', 'work', 'erg']
543	[]
544	['village']
545	['rock']
546	['sea']
547	['rower']
548	['manor house']
549	['professional Mexican footballer']
550	['wrestler']
551	['theorem', 'act', 'group', 'ace']
552	['English former professional football player']
553	['sea']
554	['novelist', 'educator']
555	['company']
556	[]
557	['cultural organisation']
558	['play']
559	['former municipality']
560	['measure of the dependence']
561	['ship']
562	['19,400']
563	['actor', 'film actor', 'film', 'act']
564	['gecko endemic to Australia']
565	['trade union']
566	['correspondent']
567	['family']
568	['Australian rules football club']
569	['Norwegian football midfielder']
570	['documentary film']
571	['ship', 'sea', 'profession']
572	['business', 'philanthropist', 'art collector', 'collector', 'collecting', 'art']
573	['species of northern caddisfly']
574	['city']
575	['species of beetle']
576	['song']
577	['star', 'Station', 'cairn', 'art']
578	['strike']
579	['film']
580	['province']
581	['surgeon', 'work', 'erg']
582	['sea', 'dog']
583	['film']
584	['village']
585	[]
586	['hill']
587	['town', 'dong']
588	['short story']
589	['19']
590	['species of beetle']
591	['code', 'area']
592	['park']
593	['politician', 'soldier', 'art']
594	['genus of prehistoric amphibian']
595	['city']
596	['binary star']
597	['gravity dam']
598	['politician']
599	['company', 'politician']
600	['film']
601	['philosopher', 'theologian']
602	['group']
603	['species of grasshopper']
604	['play']
605	['historic residence in Mobile']
606	[]
607	['sports venue']
608	['actor', 'comedian']
609	['actor', 'writer', 'screenwriter', 'act']
610	['German show jumper']
611	['prop comic']
612	['play']
613	['town']
614	['single']
615	['6']
616	['city']
617	['combination birth control pill']
618	['pianist']
619	['species of ground beetle']
620	['family']
621	['high school']
622	['sea']
623	['film']
624	['grant - making body']
625	['year', 'event', 'list']
626	['writer']
627	['merchant']
628	['made by Pakistani documentary']
629	['naval or maritime arm']
630	['family']
631	['29']
632	[]
633	[]
634	['species of fungus']
635	['province']
636	['sculpture']
637	['species of moth']
638	['album']
639	['canal junction']
640	['family']
641	['English - Canadian actress']
642	['village']
643	['district']
644	['economist']
645	['ace']
646	['wind farm']
647	['South Korean actress']
648	['cricketer']
649	['Solar System body']
650	['fictional character']
651	['order']
652	['television series']
653	['songwriter']
654	['species of plant']
655	['profit LGBT']
656	['war', 'army']
657	['event']
658	['historian', 'bibliographer', 'art', 'name']
659	['Malaysian winner of Miss Malaysia']
660	['species of proturan']
661	['organization']
662	['lyricist', 'song']
663	[]
664	['genus of large dogtooth']
665	['astronomer']
666	['geneticist']
667	['Canadian former professional ice hockey']
668	['commune in the Loire']
669	['company']
670	['sea']
671	['composer']
672	['former Japanese football player']
673	['zoologist', 'director', 'zoo', 'ecologist']
674	['radio station']
675	['southern African bird']
676	['law']
677	['professor']
678	['road', 'writer', 'editor', 'war', 'broadcaster', 'caste']
679	['documentary film']
680	['square']
681	['railway station', 'town', 'Station', 'railway']
682	['studio album']
683	['fictional character']
684	['genus of copepods']
685	['first']
686	['mixed martial artist']
687	[]
688	['airport']
689	['rock band']
690	['road']
691	['operates in']
692	['application']
693	['district']
694	['protein']
695	['platform of the Netherlands']
696	['minister']
697	['list']
698	[]
699	['work', 'inn', 'ichthyologist']
700	['riot', 'educator', 'ratio']
701	[]
702	['play']
703	['poet']
704	['dam']
705	['researcher']
706	['historian', 'author']
707	['town']
708	['journalist', 'photographer', 'journal', 'photograph', 'list']
709	['sea']
710	['professional footballer']
711	['building', 'skyscraper', 'fort']
712	['reef']
713	['antiprotozoal agent']
714	['village']
715	['U.']
716	['village']
717	['rock', 'rocket']
718	['studio album']
719	['wrestler']
720	['formation']
721	['dong']
722	['owned by CSX']
723	['village']
724	['district']
725	['actor', 'writer', 'feminist', 'act', 'May', "children 's literature"]
726	['play', 'layer', 'erg']
727	['channel']
728	['genus of fungi']
729	['film']
730	['studio album']
731	['district']
732	['building']
733	['male former international table tennis']
734	['castle', 'building', 'island', 'ruins']
735	['play']
736	['commune in the Haute']
737	['actor']
738	['deep - water']
739	['species of beetle']
740	['musician']
741	['commune in the department']
742	['seventh edition of the Arab']
743	['election', 'mons', 'gubernatorial election', 'ace']
744	['film']
745	['artist']
746	['hill']
747	['physicist', 'inventor', 'lock']
748	['pianist', 'law']
749	['province']
750	['underbone motorcycle with']
751	['computer program']
752	['book']
753	['coach']
754	['species of fungus']
755	['road']
756	['1953']
757	['scrapbooking program for Microsoft']
758	['poet', 'erg']
759	['squadron']
760	['sea']
761	['village']
762	['voice actor']
763	['district']
764	['play', 'tournament', 'court', 'profession', 'tennis tournament', 'name']
765	['15th episode of']
766	[]
767	['writer', 'editor']
768	['mathematician', 'work', 'nun']
769	['album', 'song', 'studio album']
770	['island']
771	['based thermal power']
772	['family']
773	['manager']
774	['political party']
775	['given name']
776	['architect', 'author']
777	['genus of flowering plants']
778	['long - distance runner']
779	['volleyball player']
780	['species of bird']
781	['band', 'mons']
782	['village']
783	['tournament', 'golf tournament', 'name']
784	['given name', 'name']
785	['long']
786	['sea']
787	['helm on display']
788	['brand']
789	['film']
790	['historic church at']
791	['year']
792	['family']
793	['American sitcom pilot']
794	['politician']
795	['bred New']
796	['species of delphacid planthopper']
797	['gene', 'guitarist', 'banjoist']
798	['writer', 'short story', "children 's writer", 'playwright', 'author', 'play', 'novelist', 'list']
799	['play']
800	['port']
801	['village']
802	['high school']
803	['genus of prehistoric bryozoans']
804	['album']
805	['social worker', 'business']
806	['reality television']
807	['city']
808	['family']
809	['holding company']
810	['video game']
811	['country', 'singer', 'country']
812	['name']
813	['loa of the waters']
814	['hill']
815	['film']
816	['hotel']
817	['spur route']
818	['historian', 'act', 'list']
819	['coast', 'community']
820	['written by Celia']
821	['pianist']
822	['mine']
823	['town']
824	['botanist', 'agronomist', 'gardener']
825	['medium - sized population']
826	['athlete']
827	[]
828	['bobsleigh', 'situated on Trebević']
829	['pre - modern hominid']
830	['species of dragonfly']
831	['canton of Ecuador']
832	['poker player']
833	['year', 'event']
834	[]
835	['former Swedish footballer']
836	['located in']
837	['species of beetle']
838	['book']
839	['Italian professional racing cyclist']
840	['town']
841	['genus of jumping spiders']
842	['house', 'king', 'courthouse', 'court']
843	['stream']
844	['ship', 'sea', 'war', 'act', 'coast', 'port', 'sport', 'stew', 'fish', 'practice']
845	['series of motorcycles']
846	['actor', 'film', 'writer', 'screenwriter', 'film director', 'director', 'act']
847	['Australian prelate of the Roman']
848	['novel by Thomas Hardy']
849	['newspaper', 'culture', 'erg', 'count']
850	['secondary school', 'school']
851	['port', 'race', 'ace']
852	['village']
853	['chromium - molybdenum']
854	['species of rodent']
855	['historic district']
856	['family']
857	['given name']
858	['sea']
859	['politician', 'province']
860	['historical novel by']
861	['book']
862	['municipality']
863	['daily newspaper']
864	['species of moth']
865	['Reformed church']
866	['play']
867	['species of snout']
868	['craton']
869	['American sitcom on TV Land']
870	['historic diner at']
871	['village']
872	['fencer']
873	['album']
874	['town', 'province']
875	['surname']
876	['record producer', 'audio engineer', 'island']
877	['list']
878	['district']
879	['crown']
880	['artist', 'work', 'art']
881	['composer', 'chess player', 'author', 'play', 'layer', 'aria', 'game']
882	['family']
883	['family']
884	['family']
885	['executive']
886	['tennis player']
887	['hamlet']
888	['diplomat']
889	['Alto , California']
890	['language']
891	['deity']
892	['high school']
893	['racewalker', 'race', 'ace']
894	['former Belgian racing cyclist']
895	['jumping spider species']
896	['album']
897	['municipality']
898	['town']
899	['album']
900	['sea']
901	['genus of moths']
902	['municipality']
903	['sprinter']
904	['football player from Bhutan']
905	['city']
906	['director', 'art director', 'art']
907	['species of round fungus']
908	['ice - covered heights']
909	['family']
910	['compact car']
911	['singer', 'act', 'singing']
912	['galaxy']
913	['district']
914	['music festival']
915	['species of snout moth']
916	['politician', 'list']
917	['list']
918	['- governmental']
919	['commune in the Meuse']
920	['political party', 'party', 'art', 'list']
921	['art', 'name']
922	['gymnast', 'riot']
923	['school building']
924	['film director']
925	['genus of spiders']
926	['romance']
927	['municipal district']
928	['cricketer', 'play']
929	['district']
930	[]
931	['townland']
932	['formation']
933	['fish']
934	['year', 'bassist']
935	['American football safety']
936	['building']
937	['family']
938	['rugby union player']
939	['district']
940	['boxer']
941	['family']
942	['village']
943	['play']
944	['song', 'country']
945	['race']
946	['ridge', 'art']
947	['family']
948	['song']
949	['television series']
950	['television network']
951	['Latin chronicle of']
952	['star']
953	['event']
954	['rite of Freemasonry']
955	['video game']
956	['opera', 'ratio']
957	['play']
958	['freguesia']
959	['game']
960	['created by']
961	['sea']
962	[]
963	['province']
964	['football club']
965	['sea', 'race', 'ace']
966	['band']
967	['park']
968	['enzyme']
969	['parish church']
970	['astronomer', 'ace']
971	['triptych']
972	['city']
973	['series of animated cartoons']
974	['politician', 'dong', 'art']
975	['market', 'name']
976	['psychologist', 'college']
977	['play', 'tournament', 'court', 'profession', 'tennis tournament', 'name']
978	['corvette', 'town', 'name']
979	['species of beetle']
980	['editor', 'artist']
981	['order']
982	['Saudi Arabian football player']
983	['crude oil pipeline']
984	['album']
985	['brand']
986	['species of vole']
987	['U.']
988	['small corynexochid trilobites']
989	['village', 'municipality']
990	['species of fanged frogs']
991	['given name']
992	['province']
993	[]
994	['surname']
995	['poet', 'novelist', 'list']
996	[]
997	['oil on canvas painting']
998	['female Taekwondo']
999	['politician', 'play', 'layer', 'coach']
1000	['truss bridge']
1001	[]
1002	['species of ground beetle']
1003	['rugby union player']
1004	['lawyer', 'law']
1005	['species of dwarf spider']
1006	['bank']
1007	['family']
1008	['village']
1009	['reservoir']
1010	['family']
1011	['primary status A']
1012	['town']
1013	['play', 'layer', 'field hockey player']
1014	['television series', 'company']
1015	['sports club']
1016	['village']
1017	['Neo - Mudéjar']
1018	['Australian rules footballer']
1019	['aircraft', 'war', 'opera', 'port', 'concept', 'army', 'ratio']
1020	['family']
1021	['district']
1022	['politician']
1023	['gymnast']
1024	['television personality']
1025	['year', 'name']
1026	['Australian rules footballer']
1027	['title']
1028	['district']
1029	['coach']
1030	['service']
1031	['family name']
1032	['actor', 'visual artist']
1033	['inkhundla of Eswatini']
1034	['final', 'act']
1035	['district']
1036	['protein']
1037	['remix album']
1038	['species of plant']
1039	['play']
1040	[]
1041	['profession', 'event']
1042	[]
1043	['commune in the Haute']
1044	['football club']
1045	['political party']
1046	['film']
1047	['sea']
1048	['flat']
1049	['species in the genus']
1050	['rugby union player']
1051	['hotel']
1052	['family']
1053	['former Japanese football player']
1054	['basketball player']
1055	[]
1056	['anthology']
1057	['composer', 'director', 'choir director', 'choir']
1058	['tell']
1059	['village']
1060	['commune in the Dordogne']
1061	['politician']
1062	['writer', 'poet', 'playwright', 'play', 'prose']
1063	['former Dutch cyclist']
1064	['port', 'sport', 'wat']
1065	['diplomatic mission']
1066	['village']
1067	['village']
1068	['communist party', 'political party']
1069	['made for cable']
1070	['television series']
1071	['name']
1072	['entrepreneur', 'civil servant']
1073	['genus of fungi']
1074	['philanthropist', 'bill']
1075	['physicist', 'professor']
1076	['landmark']
1077	['kickboxer']
1078	['painter', 'painting', 'mine']
1079	['aircraft']
1080	[]
1081	[]
1082	['manga series']
1083	['currency', 'mons']
1084	['covered bridge']
1085	['rock']
1086	['newspaper']
1087	['fish']
1088	['species of ulidiid or picture']
1089	['hued']
1090	['poet', 'year', 'theologian']
1091	['swimmer']
1092	['genus of rhinoceros beetles']
1093	['wrestler']
1094	['singer', 'songwriter']
1095	['software company']
1096	['family']
1097	['village']
1098	['nightclub']
1099	['rock']
1100	['district']
1101	['artist']
1102	['mathematician']
1103	['studio album']
1104	['official']
1105	['national park']
1106	['mountain', 'island', 'cape', 'community']
1107	['genus of spiders']
1108	['early copy of the New']
1109	[]
1110	['spin - off']
1111	['poet']
1112	['play']
1113	['war']
1114	['play']
1115	['genus of moths']
1116	['rower']
1117	['located in Kottakkal']
1118	['aircraft']
1119	['species of beetle']
1120	['district']
1121	['single']
1122	['school', 'district']
1123	['sea']
1124	['secondary school']
1125	[]
1126	['song', 'musical', 'dance']
1127	['software company']
1128	['act', 'community', 'leader', 'art']
1129	['politician']
1130	['film']
1131	['philanthropist', 'political activist', 'act', 'activist']
1132	['rock band']
1133	['inn']
1134	['rugby union player']
1135	['company']
1136	['bay']
1137	['sixteenth episode of']
1138	['lawyer', 'judge', 'law']
1139	['Principality', 'principal', 'clan']
1140	['Danish football player']
1141	['poet']
1142	['king', 'court', 'official', 'chancellor', 'name']
1143	['town', 'coast']
1144	['language']
1145	['city']
1146	['family']
1147	['football club']
1148	['painter', 'painting', 'profession', 'portrait painter', 'port', 'race', 'ace']
1149	['railway station', 'town', 'building', 'Station', 'railway']
1150	['governor']
1151	['philosopher', 'professor']
1152	['municipality']
1153	['football club']
1154	['May']
1155	['phrase']
1156	['- German']
1157	['capital', 'province']
1158	['sea']
1159	['island']
1160	['peninsula']
1161	['book']
1162	['entomologist', 'dam']
1163	['record label']
1164	['band']
1165	['book']
1166	['family']
1167	['studio album']
1168	['family']
1169	['mine', 'coast']
1170	['geologist', 'mine', 'advocate', 'art']
1171	['state highway']
1172	['engineering school']
1173	['play', 'layer', 'coach']
1174	['ferry', 'port', 'inn', 'sport', 'service']
1175	['family']
1176	['family']
1177	['71st in the history']
1178	['village']
1179	['act', 'activist', 'people', 'event']
1180	['54']
1181	['mine']
1182	['genus of prehistoric ray']
1183	['species of moth']
1184	['video game']
1185	['castle', 'ace']
1186	['district']
1187	[]
1188	['professional rugby league']
1189	['film']
1190	['member of the Bharatiya Janata', 'Indian']
1191	['river']
1192	['municipality']
1193	['1']
1194	['genus of moths']
1195	['service']
1196	['artist', 'riot', 'art']
1197	['district']
1198	['film']
1199	['family']
1200	['act']
1201	['teacher', 'act', 'aria']
1202	['play', 'layer', 'college']
1203	['town']
1204	['single']
1205	['family']
1206	['priest', 'Catholic priest']
1207	['road', 'sea', 'competition', 'event']
1208	['based healthcare navigation']
1209	['documentary film']
1210	['singer']
1211	['alpine skier']
1212	['1st edition of the Sapling']
1213	['Australian netball player']
1214	[]
1215	['school', 'physicist', 'founder', 'photograph']
1216	['television series']
1217	['race', 'ace']
1218	['ship']
1219	['sea']
1220	['ship', 'building', 'layer', 'mine', 'schooner', 'name']
1221	['town']
1222	['constituency']
1223	['medication']
1224	['sea', 'competition', 'association']
1225	['live album']
1226	['village']
1227	['profession']
1228	['14th - century carol']
1229	['singer', 'composer']
1230	['municipality']
1231	['hospital']
1232	['inactive United States Air Force']
1233	['island']
1234	['group', 'port', 'inn', 'list']
1235	['sea', 'year', 'mons']
1236	['weightlifter']
1237	['long - distance runner']
1238	['family']
1239	['athlete']
1240	['species of air']
1241	['politician']
1242	['type of XML metafile']
1243	['first']
1244	['family']
1245	['governor']
1246	['ruins']
1247	['beach volleyball player']
1248	['poet']
1249	['geographer']
1250	['club']
1251	['family']
1252	['commune in Maramureș County']
1253	['river', 'city']
1254	['family']
1255	['house', 'merchant', 'collecting']
1256	['war', 'warrior']
1257	['art']
1258	['graphic designer']
1259	['province']
1260	['dish']
1261	['monastery']
1262	['black coloured ground']
1263	['municipality']
1264	['play']
1265	['American football team']
1266	['Hungarian chess Grandmaster']
1267	['competed in']
1268	['genus of flowering plants']
1269	['species of New World']
1270	['television home improvement series']
1271	['play', 'layer']
1272	['- educational independent prep']
1273	['company']
1274	['short story']
1275	['given name']
1276	['town']
1277	['market town']
1278	['gymnast']
1279	['film']
1280	['arch bridge']
1281	['mountain pass']
1282	['middle - distance runner']
1283	['school district']
1284	['body of knowledge']
1285	['athlete']
1286	['play']
1287	['progressive , co']
1288	['play']
1289	['film']
1290	['mesophilic', 'bacterial genus from']
1291	['found in eastern']
1292	['service']
1293	['law']
1294	['engineer', 'electrical engineer']
1295	['species of plant']
1296	['ice - covered peak']
1297	['record label']
1298	['Swiss wildlife worker']
1299	['play', 'tournament', 'court', 'profession', 'port', 'tennis tournament', 'sport', 'name']
1300	['species of rodent']
1301	['park']
1302	['beach']
1303	['volleyball player']
1304	['electric 5']
1305	['rower']
1306	['commune in the Saône']
1307	['author', 'columnist']
1308	['rock']
1309	['extinct genus of centrosaurine ceratopsian']
1310	['municipality']
1311	['autobiography']
1312	['sea']
1313	['genus of basal pachycephalosaurid']
1314	['event']
1315	['species of ray']
1316	['locality']
1317	['play', 'tournament', 'court', 'profession', 'tennis tournament', 'name']
1318	['compilation album']
1319	['province']
1320	['sea', 'American football team']
1321	['directed by Andrei']
1322	['act', 'manufacturing']
1323	[]
1324	['municipality']
1325	['politician']
1326	['demo by the Melvins']
1327	['play', 'tournament', 'court', 'profession', 'tennis tournament', 'name']
1328	['drag queen', 'songwriter']
1329	['deity']
1330	['reviewed medical']
1331	['family']
1332	['district']
1333	['used as']
1334	['village']
1335	['finished between']
1336	['play', 'mons', 'war', 'profession']
1337	['species of amphibian']
1338	['town']
1339	['artist', 'radio station', 'magazine', 'war', 'Station', 'recording artist', 'art']
1340	['order']
1341	['television film']
1342	['manager']
1343	['multi -']
1344	['film']
1345	['municipality']
1346	['mile']
1347	['relational database management system']
1348	['Hong Kong romantic drama']
1349	['band']
1350	['order']
1351	['horror novel by Rick Yancey']
1352	[]
1353	['non - profit organisation']
1354	['historical', 'emblematic building of the Lausanne', 'located in']
1355	['politician']
1356	['suburb']
1357	['king', 'civil servant']
1358	['species of orchid endemic']
1359	['gene']
1360	['house', 'historic house']
1361	['glacier']
1362	['play', 'club']
1363	['pigment', 'act']
1364	['play']
1365	['surname']
1366	['sea', 'league system']
1367	['noble']
1368	['video game', 'video game developer', 'game']
1369	['model', 'year', 'act']
1370	['manuscript']
1371	['ship', 'event', 'game']
1372	['novel by Gary Paulsen']
1373	['basketball player']
1374	[]
1375	['studio album']
1376	['species of plant']
1377	[]
1378	['species of beetle']
1379	['song']
1380	['play']
1381	['animated film']
1382	['nurse', 'feminist', 'work', 'community']
1383	['Reform Jewish congregation in Portland']
1384	['war', 'act', 'squadron']
1385	['play']
1386	['medical school']
1387	['group']
1388	['Irish sportsperson']
1389	['village']
1390	['singer']
1391	['alpine skier']
1392	['former American football quarterback']
1393	['species of damselfly']
1394	['surname']
1395	['2DVD recording']
1396	['surname']
1397	['film']
1398	['lawyer']
1399	['compilation album']
1400	['duo']
1401	['athlete']
1402	['lacrosse player']
1403	[]
1404	['organization', 'American football player', 'sea', 'play', 'layer']
1405	['painting by Bernat Martorell']
1406	['oil company']
1407	['port']
1408	['cricketer', 'play', 'art']
1409	['sea', 'ranch']
1410	['college']
1411	['Examination Yuan agency']
1412	['singer', 'dancer']
1413	['species of cutworm or dart']
1414	['American prelate of the Catholic']
1415	['U - boat', 'submarine']
1416	['play']
1417	['company']
1418	['strait']
1419	['Sino - German manufacturer']
1420	['car body style']
1421	['engineer', 'mechanical engineer']
1422	['sport']
1423	['former professional footballer']
1424	['film producer']
1425	['erg']
1426	['current prostitute']
1427	['genus of spiders']
1428	['professor', 'zoo']
1429	['family', 'country', 'count']
1430	['882']
1431	['film']
1432	['genus Amelanchier']
1433	['basketball player']
1434	['sea']
1435	['ship', 'tournament', 'name', 'count']
1436	['Anglo - French actress']
1437	['village']
1438	['lawyer']
1439	['small minnow mayfly']
1440	[]
1441	['American actress']
1442	['document']
1443	['nun', 'bullfighter']
1444	['cricketer']
1445	['type proanthocyanidin']
1446	['Nigerian female football player']
1447	['village']
1448	['surname']
1449	['play']
1450	[]
1451	['school']
1452	['point']
1453	['mons', 'ace']
1454	['high jumper']
1455	['public']
1456	['play']
1457	['airport']
1458	['village']
1459	['list']
1460	['play']
1461	['tan or dark skin']
1462	['single']
1463	['U.']
1464	[]
1465	['town', 'municipality']
1466	['cartographer', 'art']
1467	['director']
1468	['sea']
1469	['village']
1470	['musician', 'singer']
1471	['painter', 'printmaker', 'painting', 'act']
1472	['French businessman']
1473	['name']
1474	['symbolic representation of lightning']
1475	['village']
1476	['retired soccer player']
1477	['commune in the Calvados']
1478	['play']
1479	['species of flowering plant']
1480	['m']
1481	['commune in the Hautes']
1482	['marsh']
1483	['project']
1484	['fictional character']
1485	['South Korean footballer']
1486	['lionfish species native']
1487	['river']
1488	['ship']
1489	['studio album']
1490	['film']
1491	['author']
1492	['mons']
1493	['beach']
1494	['binary star']
1495	['aria']
1496	['village', 'building', 'villa']
1497	['singer', 'television presenter']
1498	['swimmer']
1499	['prize', 'inn', 'list']
1500	['municipality']
1501	['country']
1502	['play']
1503	['village']
1504	['play', 'tournament', 'court', 'profession', 'tennis tournament', 'name']
1505	['foundation']
1506	['season of the franchise']
1507	['biologist', 'professor']
1508	['treaty', 'aria', 'art']
1509	['medieval church in the Archdiocese']
1510	['ministry']
1511	['mixed martial artist']
1512	['decay mode']
1513	['play']
1514	['village']
1515	['film', 'film director', 'director', 'act']
1516	['municipality']
1517	['municipality']
1518	['species of beetle']
1519	['village', 'civil parish']
1520	['rapper', 'actor']
1521	['house', 'music producer']
1522	['Pre - K to Grade']
1523	[]
1524	['urban - rural gmina']
1525	['college']
1526	['municipality']
1527	['known species']
1528	['dam', 'power station']
1529	['theater']
1530	['arson']
1531	['performance']
1532	['species of ground beetle']
1533	['district']
1534	['painter', 'painting', 'landscape painter', 'landscape', 'cape']
1535	['star']
1536	['play']
1537	['municipality']
1538	[]
1539	['species of beetle']
1540	['song']
1541	[]
1542	[]
1543	['species of beetle']
1544	['Japanese racing car driver']
1545	['sea']
1546	['mathematician', 'computer scientist']
1547	['studio album']
1548	['single']
1549	['Argentine football midfielder']
1550	['politician', 'writer', 'poet', 'academic', 'author', 'play', 'Australian rules footballer', 'designer', 'theatre', 'layer', 'election', 'dam', 'war', 'field hockey player', 'aria', 'profession', 'port', 'sport', 'manager', 'rule', 'May', 'art']
1551	['ice hockey player']
1552	['written by Earle', 'Dick Rogers']
1553	['municipality']
1554	['retired professional']
1555	['people']
1556	['enterprise']
1557	['family']
1558	['district']
1559	['crab spider species']
1560	['Spanish actress']
1561	['game']
1562	['song']
1563	['film director', 'producer']
1564	['city', 'province']
1565	['fictional character']
1566	['genus of polyplacophoran mollusc']
1567	['American football player', 'sea', 'play', 'layer']
1568	['canoeist']
1569	['street']
1570	['poet', 'war', 'noble']
1571	['rock']
1572	['fish']
1573	[]
1574	['district']
1575	['disused Carlsberg']
1576	['wide receiver for']
1577	['art', 'erg']
1578	['mons', 'war', 'ace', 'art']
1579	['ship', 'sea', 'championship']
1580	['mons']
1581	['author', 'official', 'quarter', 'art']
1582	['fruit - bearing tree']
1583	[]
1584	['Catholic cathedral']
1585	['gene', 'geneticist']
1586	['film', 'director', 'producer']
1587	['handball player']
1588	['family']
1589	['species of beetle']
1590	[]
1591	['surname']
1592	['building', 'brewery', 'inn', 'art', 'subsidiary']
1593	[]
1594	['genus of bats']
1595	['river']
1596	['year', 'mons', 'event']
1597	['active aid to navigation']
1598	['bank']
1599	['village']
1600	['ship', 'sea', 'mons', 'college']
1601	['year', 'play', 'star', 'leap year', 'art']
1602	['rock', 'act', 'group']
1603	['singer']
1604	['species of Grasshopper']
1605	['theater']
1606	['village']
1607	[]
1608	[]
1609	['civil servant', 'party']
1610	['stadium']
1611	['video game', 'group']
1612	['ice hockey player']
1613	['district', 'capital']
1614	['radio station']
1615	['city']
1616	['television presenter', 'writer']
1617	['satirical science fiction novel']
1618	['film']
1619	['hotel', 'apartment building']
1620	['film']
1621	['building']
1622	['play']
1623	['village']
1624	['microbiologist']
1625	['largest genus of damselfly']
1626	['ranked American']
1627	['town', 'municipality']
1628	['species of bug']
1629	['species of snout moth']
1630	['branch of the Kra']
1631	['film']
1632	['island']
1633	['Flemish surname']
1634	['railway station', 'town', 'Station', 'railway']
1635	['inventor', 'agricultural engineer']
1636	['play']
1637	['composer', 'inn']
1638	['district']
1639	['Dutch multinational']
1640	['science', 'safely', 'of buildings', 'other man - made structures']
1641	['artist', 'painting', 'port', 'art']
1642	['transform fault zone pull']
1643	['sea']
1644	['organization', 'pharmacist']
1645	['coach']
1646	['ship']
1647	['Australian flowering plants']
1648	['given name']
1649	[]
1650	['Japanese professional baseball outfielder']
1651	['composer', 'aria']
1652	['list']
1653	['politician', 'revolution', 'revolutionary']
1654	['family']
1655	['Marquis of Hell', 'legions']
1656	['play']
1657	['live album']
1658	['song']
1659	[]
1660	['district']
1661	['group']
1662	['Japanese professional baseball pitcher']
1663	['province']
1664	['sea', 'American football team']
1665	['artist']
1666	['Italian surname']
1667	['singer']
1668	['sport']
1669	['cape']
1670	[]
1671	['ship', 'bridge', 'ridge', 'war', 'May', 'name']
1672	[]
1673	['town', 'municipality']
1674	[]
1675	['artist']
1676	['American silent drama']
1677	['based on']
1678	['aircraft']
1679	['smartphone', 'art']
1680	['deriving from Politz']
1681	['event', 'list']
1682	['professional ice hockey forward']
1683	['centralized resource for']
1684	['actor', 'act']
1685	['reservoir']
1686	['international airport']
1687	['king', 'tournament', 'ace', 'name']
1688	['female heavy metal']
1689	['politician', 'war', 'act', 'manufacturing']
1690	['village', 'beach', 'sea', 'point']
1691	['port', 'nun']
1692	['sea']
1693	[]
1694	['professional rugby league']
1695	['area']
1696	['ship', 'battle', 'port', 'sport', 'passenger ship', 'frigate', 'May']
1697	['province']
1698	['Austrian two']
1699	['ship', 'term', 'gene', 'club', 'championship', 'port', 'handball team', 'event', 'ratio']
1700	['film']
1701	['rugby union player']
1702	['name']
1703	['mosque', 'dynasty']
1704	['writer']
1705	['species of beetle']
1706	['singer', 'songwriter', 'band', 'song', 'writer', 'year', 'bandleader', 'singing', 'leader', 'country', 'count']
1707	['genus of crane fly']
1708	['musician']
1709	['union mount filesystem implementation']
1710	['higher secondary school']
1711	['mosque']
1712	['port']
1713	['author', 'journalist']
1714	['writer', 'poet']
1715	['municipality', 'province']
1716	['mons', 'port', 'race', 'ace']
1717	['game']
1718	['year', 'play', 'star', 'mons', 'common year', 'art']
1719	[]
1720	['handball player']
1721	['village']
1722	['horse race']
1723	['Australian racing driver']
1724	['year', 'event']
1725	['former Japanese football player']
1726	['coach']
1727	[]
1728	['sea']
1729	['genus of moths']
1730	['official', 'count']
1731	['city', 'poet']
1732	['name']
1733	['relational database management system']
1734	['sea']
1735	['stadium']
1736	['single']
1737	['author']
1738	['film']
1739	['genus of leaf beetles']
1740	['book']
1741	['cricketer']
1742	['district']
1743	['formal trade agreement']
1744	['genus of moths']
1745	['Western novel by Canadian']
1746	['academic']
1747	['F1 hybrid melon']
1748	['district']
1749	['academic', 'academic journal', 'journal', 'art']
1750	['village']
1751	[]
1752	['poem']
1753	['produced by Raúl']
1754	['village']
1755	['comedy - drama']
1756	['multi - sport event', 'sporting event', 'official', 'port', 'event', 'sport', 'ace']
1757	['lawyer', 'human rights activist']
1758	[]
1759	['sea']
1760	['road', 'act', 'manufacturing']
1761	['judoka']
1762	['author']
1763	['species of velvet worm']
1764	['formula', 'May']
1765	['wide cove indenting']
1766	['ship']
1767	['lawyer', 'singer', 'journalist', 'author', 'journal', 'criminal', 'law', 'singing', 'list']
1768	['family']
1769	['district']
1770	['manager']
1771	['road', 'dish']
1772	["women 's football"]
1773	['airline', 'opera', 'port']
1774	['state - chartered agency']
1775	['point', 'military commander', 'command', 'official', 'comma']
1776	['election', 'order', 'gubernatorial election', 'ace']
1777	['developer , grower', 'marketer of fruit', 'seeds in the world']
1778	['art']
1779	['Pakistani']
1780	['district']
1781	['species of water']
1782	['year', 'war']
1783	['former professional footballer']
1784	['weaver']
1785	['singer', 'songwriter', 'song', 'writer', 'mons', 'nun', 'singing']
1786	['alloy']
1787	['endemic']
1788	['newspaper']
1789	['peak forming part']
1790	['novel by Alberto Moravia']
1791	['town', 'art']
1792	['railway station']
1793	['district']
1794	['monotypic genus of araneomorph spiders']
1795	['law']
1796	['philanthropist', 'company']
1797	['act']
1798	['commune in the Gard']
1799	['species of bird']
1800	['luger']
1801	[]
1802	['sea', 'competition', 'inn']
1803	['professor', 'university']
1804	['airport']
1805	['American actress']
1806	['opera']
1807	['missionary']
1808	['family']
1809	['law']
1810	['actor', 'act']
1811	['located in Satu']
1812	['commune in the Gers']
1813	['sea']
1814	['swimmer']
1815	['term', 'concept']
1816	['politician']
1817	['subspecies of beetle']
1818	['American Japanese ceramics specialist']
1819	['species of flowering plant']
1820	['- profit professional society']
1821	['organization']
1822	['film', 'professor']
1823	['port', 'sport']
1824	['microhylid frogs']
1825	['district']
1826	['formula']
1827	['bilateral relation']
1828	['province']
1829	['team in the Women']
1830	['village']
1831	['ice dancer']
1832	['village']
1833	['lighthouse']
1834	['song']
1835	['film']
1836	['public library']
1837	['rugby union footballer who']
1838	['species of plant']
1839	['art']
1840	['writer', 'work', 'suffragist', 'abolitionist']
1841	[]
1842	['philosopher', 'diplomat', 'educator']
1843	['nonpartisan board established']
1844	['district']
1845	[]
1846	['flag']
1847	['singer', 'play', 'layer', 'mons', 'singing']
1848	['painter', 'painting', 'mons', 'orientalist', 'list']
1849	['Dutch former professional snooker player']
1850	['manga series']
1851	['band', 'conflict', 'mine', 'project']
1852	['lawyer', 'actor', 'film actor', 'film', 'author', 'judge', 'court', 'act', 'activist', 'law']
1853	['municipality']
1854	['roller derby league']
1855	[]
1856	['settlement north']
1857	['horror novel']
1858	['opera']
1859	['Argentine rugby union footballer']
1860	['constitution']
1861	['use of a glass micropipette']
1862	['radio personality']
1863	['item multiple choice']
1864	['district']
1865	['archaeological site']
1866	['district']
1867	['author', 'act']
1868	['ship', 'founder', 'list']
1869	['model', 'singer']
1870	['bridge', 'ridge', 'first']
1871	['species of biting midges']
1872	['district']
1873	['airport']
1874	['fish']
1875	['sea', 'company', 'railway company', 'work', 'railway']
1876	['songbird in the genus Acrocephalus']
1877	['village', 'civil parish']
1878	['shrub endemic to Western Australia']
1879	['commune in the Marne']
1880	['association']
1881	['archipelago']
1882	['ship']
1883	['Station']
1884	['journalist', 'newspaper', 'author', 'club', 'journal', 'act', 'activist', 'race', 'ace', 'list']
1885	['bay']
1886	['basketball player']
1887	['village']
1888	['term']
1889	['book', 'writer', 'dam', 'collecting']
1890	['film producer']
1891	['sea']
1892	['species of land snail']
1893	['poet', 'ridge', 'art']
1894	['work', 'ace']
1895	['list']
1896	['mass']
1897	['subtribe of owlet moths']
1898	['rock band']
1899	['magician']
1900	['rhythm', 'blues instrumental']
1901	['sea']
1902	['split']
1903	['under-21 football team', 'controlled by']
1904	['actor', 'film', 'writer', 'screenwriter', 'film director', 'director', 'mons', 'act', 'aria', 'producer']
1905	['galaxy']
1906	['fifth episode of']
1907	['head coach', 'coach', 'basketball team']
1908	['studio album']
1909	['studio album']
1910	['existed in Argentina']
1911	['chief executive officer']
1912	['perennial herb belonging']
1913	['high - rise building']
1914	['species of beetle']
1915	['company']
1916	['species of gecko endemic']
1917	['librarian', 'aria']
1918	['historic district']
1919	['term']
1920	['family']
1921	['horse race']
1922	['equivalent of the Brazilian Euvaldo']
1923	['municipality']
1924	['physicist']
1925	['violinist']
1926	['band', 'rock']
1927	['village']
1928	['swimmer']
1929	['featured Floyd']
1930	['monotypic genus of']
1931	['collected']
1932	['politician']
1933	['play']
1934	['species of ant']
1935	['municipality']
1936	['order']
1937	['island']
1938	['point', 'comic strip']
1939	['politician', 'chemist', 'business']
1940	['town']
1941	['prize', 'name']
1942	['saxophonist']
1943	['people']
1944	['Scottish charity established']
1945	['railway station']
1946	['town', 'province']
1947	['sea']
1948	['enzyme']
1949	['American coming']
1950	['family']
1951	['basketball player']
1952	[]
1953	['list']
1954	['port', 'art']
1955	['building', 'canal']
1956	['sea']
1957	['cricketer']
1958	['city', 'ghat']
1959	['railway station', 'hill', 'Station', 'railway']
1960	['treatment']
1961	['sea']
1962	['district', 'Station']
1963	['located on']
1964	['video game series']
1965	['name']
1966	['shouldered']
1967	['province']
1968	['language', 'educator']
1969	['architect']
1970	['state highway']
1971	['act']
1972	['leader']
1973	['village']
1974	['economist']
1975	['12th - century Japanese dictionary']
1976	['film director']
1977	['dialect']
1978	['journal']
1979	['South Korean former handball']
1980	['memoir by Mark Twain']
1981	['anthology']
1982	['village']
1983	['extinct genus of dinocephalian']
1984	['former professional footballer']
1985	['diplomat', 'court', 'official', 'troubadour', 'lama', 'ambassador', 'May']
1986	['play', 'tournament', 'court', 'profession', 'tennis tournament', 'name']
1987	['commune in the department']
1988	['film']
1989	[]
1990	['politician']
1991	['3']
1992	['short story']
1993	['COO of Acun Medya']
1994	['earthquake', 'art']
1995	['village']
1996	['poet']
1997	['radio station']
1998	['island']
1999	['family', 'order', 'mons']
2000	['order']
