0	['secondary school']
1	['village']
2	[]
3	['city', 'market town']
4	[]
5	['village']
6	[]
7	[]
8	[]
9	[]
10	[]
11	[]
12	['village']
13	['puppet theatre']
14	['ship']
15	[]
16	[]
17	[]
18	['singer']
19	['list']
20	[]
21	['town']
22	[]
23	['album']
24	[]
25	[]
26	[]
27	[]
28	['single']
29	['contemporary artist']
30	[]
31	['singer']
32	['actor']
33	[]
34	['politician']
35	[]
36	[]
37	[]
38	[]
39	['compilation album']
40	['village', 'former municipality']
41	[]
42	[]
43	[]
44	['rapper']
45	[]
46	[]
47	[]
48	[]
49	['writer', 'literary critic']
50	['singer']
51	[]
52	[]
53	[]
54	['railway station']
55	[]
56	['village']
57	[]
58	[]
59	[]
60	[]
61	[]
62	[]
63	['seminary']
64	['playwright']
65	[]
66	[]
67	[]
68	[]
69	['daily newspaper']
70	[]
71	['volleyball player']
72	['play']
73	[]
74	[]
75	[]
76	[]
77	[]
78	[]
79	['bridge']
80	['list']
81	[]
82	['aircraft']
83	[]
84	[]
85	[]
86	[]
87	[]
88	['television film']
89	['manor house']
90	[]
91	[]
92	['railway station']
93	['high school']
94	[]
95	[]
96	[]
97	[]
98	['voice actor', 'singer']
99	[]
100	['title']
101	[]
102	['municipality']
103	[]
104	[]
105	[]
106	[]
107	['patronymic surname']
108	['secondary school']
109	[]
110	[]
111	['locality']
112	['nickname']
113	['drug']
114	[]
115	[]
116	['railway station']
117	[]
118	['politician']
119	[]
120	[]
121	['list']
122	['village', 'municipality']
123	[]
124	[]
125	['town']
126	[]
127	['former municipality']
128	[]
129	['school']
130	[]
131	['politician']
132	[]
133	[]
134	['actor', 'singer']
135	['film director', 'screenwriter']
136	[]
137	['iron mine']
138	[]
139	[]
140	['studio album', 'country']
141	['short story']
142	[]
143	[]
144	[]
145	['municipality']
146	['town']
147	['village']
148	[]
149	[]
150	['shopping mall']
151	['name']
152	[]
153	[]
154	['film']
155	['fable']
156	[]
157	[]
158	[]
159	[]
160	[]
161	[]
162	[]
163	[]
164	[]
165	[]
166	['locality']
167	[]
168	[]
169	[]
170	[]
171	[]
172	[]
173	[]
174	['family']
175	['song']
176	[]
177	[]
178	['ski resort']
179	[]
180	[]
181	[]
182	[]
183	[]
184	['art']
185	[]
186	['mixtape']
187	[]
188	[]
189	['municipality']
190	['rower']
191	[]
192	[]
193	['village']
194	['village']
195	[]
196	[]
197	[]
198	[]
199	[]
200	[]
201	[]
202	[]
203	[]
204	[]
205	['civil parish']
206	[]
207	[]
208	[]
209	[]
210	[]
211	[]
212	[]
213	['recording artist']
214	['village', 'municipality']
215	['football club']
216	['name']
217	['village']
218	[]
219	[]
220	[]
221	['town']
222	['economist']
223	[]
224	['town']
225	['timeline']
226	[]
227	[]
228	[]
229	[]
230	[]
231	[]
232	['actor', 'producer']
233	[]
234	['forest']
235	[]
236	['natural number']
237	[]
238	[]
239	['chemist']
240	[]
241	[]
242	['club']
243	[]
244	[]
245	[]
246	['director', 'producer']
247	[]
248	[]
249	[]
250	[]
251	[]
252	[]
253	[]
254	['stream']
255	[]
256	[]
257	['play']
258	[]
259	['village']
260	['municipality']
261	['group']
262	['bandleader']
263	['village']
264	[]
265	[]
266	[]
267	[]
268	[]
269	[]
270	['political party']
271	[]
272	[]
273	[]
274	[]
275	[]
276	['wrestler']
277	[]
278	[]
279	['painter', 'sculptor']
280	[]
281	[]
282	['city']
283	[]
284	[]
285	[]
286	['list']
287	[]
288	['athletic conference']
289	[]
290	[]
291	[]
292	[]
293	['fictional character']
294	[]
295	[]
296	[]
297	[]
298	['village']
299	['ch√¢teau']
300	[]
301	[]
302	['film']
303	['dance']
304	['valley']
305	['newspaper']
306	['politician']
307	['district']
308	[]
309	[]
310	[]
311	[]
312	['short story']
313	[]
314	['village']
315	['municipality']
316	['list']
317	[]
318	['municipality']
319	['film', 'television producer']
320	[]
321	[]
322	['building']
323	['botanical garden']
324	['hamlet']
325	[]
326	[]
327	['municipality']
328	[]
329	['basketball player']
330	['music producer']
331	[]
332	['drug']
333	[]
334	['village']
335	['poet', 'critic']
336	[]
337	[]
338	[]
339	[]
340	[]
341	[]
342	['village']
343	['village']
344	[]
345	['short film']
346	['village']
347	['protein']
348	[]
349	[]
350	[]
351	['art project']
352	[]
353	['wrestler']
354	['community']
355	[]
356	[]
357	[]
358	[]
359	[]
360	['cricketer']
361	[]
362	['municipality']
363	[]
364	[]
365	[]
366	[]
367	[]
368	[]
369	[]
370	['hamlet']
371	['village']
372	[]
373	[]
374	['formation']
375	[]
376	[]
377	[]
378	[]
379	[]
380	['name']
381	[]
382	[]
383	['park']
384	['historic district', 'road']
385	[]
386	[]
387	[]
388	[]
389	[]
390	[]
391	['railway station']
392	[]
393	['golfer']
394	['village', 'community']
395	['hamlet']
396	['record producer']
397	['club']
398	[]
399	[]
400	['reality television']
401	[]
402	['collage']
403	['athlete']
404	[]
405	[]
406	['choreographer']
407	[]
408	['formation']
409	[]
410	[]
411	['poet']
412	['playwright']
413	['village', 'municipality']
414	[]
415	['university']
416	['aircraft', 'manufacturing company']
417	['village', 'civil parish']
418	[]
419	[]
420	[]
421	[]
422	[]
423	['archaeologist']
424	['algorithm']
425	['artist']
426	[]
427	['castle']
428	['village']
429	['game']
430	[]
431	[]
432	[]
433	[]
434	[]
435	[]
436	[]
437	['cricketer']
438	['book']
439	[]
440	[]
441	['volleyball player']
442	['village']
443	['municipality']
444	[]
445	[]
446	[]
447	[]
448	['locality']
449	['economist']
450	['family']
451	[]
452	[]
453	['artist']
454	['private university']
455	['locality']
456	[]
457	[]
458	[]
459	['municipality']
460	['community']
461	[]
462	['film festival']
463	[]
464	[]
465	['politician']
466	[]
467	[]
468	[]
469	['historic district']
470	['locality']
471	[]
472	[]
473	[]
474	[]
475	[]
476	[]
477	['playwright', 'writer']
478	[]
479	[]
480	[]
481	['bus company']
482	[]
483	[]
484	[]
485	['asteroid']
486	[]
487	[]
488	[]
489	['basketball player', 'play']
490	[]
491	['studio album']
492	['art historian', 'author']
493	['politician']
494	[]
495	[]
496	[]
497	[]
498	[]
499	[]
500	[]
501	['family']
502	['locality']
503	['plantation']
504	['play']
505	[]
506	[]
507	[]
508	['university']
509	[]
510	['actor', 'songwriter']
511	[]
512	[]
513	[]
514	['compilation album']
515	['village', 'civil parish']
516	[]
517	[]
518	[]
519	['railway station']
520	[]
521	['area']
522	[]
523	[]
524	['order']
525	['sprinter']
526	[]
527	[]
528	[]
529	[]
530	[]
531	[]
532	[]
533	[]
534	['point']
535	[]
536	['single']
537	['year']
538	[]
539	[]
540	['language']
541	['lake']
542	[]
543	[]
544	[]
545	['village']
546	['village']
547	[]
548	[]
549	[]
550	[]
551	['district']
552	['singer']
553	['poem']
554	[]
555	[]
556	['formation']
557	[]
558	[]
559	[]
560	[]
561	[]
562	[]
563	['plantation']
564	['album']
565	[]
566	[]
567	[]
568	[]
569	[]
570	[]
571	[]
572	['play']
573	[]
574	[]
575	[]
576	['municipality']
577	[]
578	['list']
579	[]
580	[]
581	['village']
582	['valley']
583	[]
584	['play']
585	[]
586	[]
587	['musical duo']
588	['village']
589	[]
590	[]
591	[]
592	['impact crater']
593	[]
594	[]
595	['mountain']
596	[]
597	['company']
598	[]
599	['bank building']
600	[]
601	['locality']
602	[]
603	['politician']
604	['record producer']
605	[]
606	['high school']
607	['town']
608	['town']
609	[]
610	[]
611	[]
612	[]
613	['fjord']
614	['fictional character']
615	['civil servant']
616	[]
617	['apartment building']
618	[]
619	['play']
620	[]
621	[]
622	[]
623	[]
624	['studio album']
625	[]
626	[]
627	[]
628	[]
629	[]
630	[]
631	[]
632	[]
633	[]
634	[]
635	['play']
636	[]
637	['hospital']
638	['language']
639	['hamlet']
640	[]
641	[]
642	['village']
643	['town']
644	['village']
645	['record producer']
646	[]
647	['musician']
648	['family']
649	[]
650	[]
651	[]
652	['village']
653	[]
654	['architect']
655	['hotel']
656	[]
657	[]
658	[]
659	[]
660	[]
661	['village']
662	['song']
663	[]
664	[]
665	[]
666	['railway station']
667	[]
668	['statue', 'fountain']
669	[]
670	[]
671	[]
672	[]
673	[]
674	[]
675	['college']
676	[]
677	[]
678	['village', 'municipality']
679	['radio station']
680	[]
681	[]
682	[]
683	[]
684	['star']
685	[]
686	[]
687	[]
688	['road']
689	[]
690	[]
691	[]
692	['village']
693	[]
694	['village']
695	[]
696	['Lyapunov function']
697	['cemetery']
698	[]
699	[]
700	['museum']
701	[]
702	[]
703	['village']
704	['play']
705	[]
706	[]
707	[]
708	[]
709	[]
710	['mountain range']
711	[]
712	[]
713	['village']
714	['album']
715	[]
716	[]
717	[]
718	['song', 'country']
719	[]
720	['railway station']
721	[]
722	['swimmer']
723	['village']
724	[]
725	['city']
726	[]
727	[]
728	[]
729	['book']
730	['international airport']
731	[]
732	['jazz musician', 'singer', 'composer']
733	[]
734	[]
735	[]
736	['jurist']
737	[]
738	[]
739	['play']
740	['philosopher']
741	['stream']
742	[]
743	[]
744	[]
745	['ghat']
746	[]
747	[]
748	[]
749	[]
750	['protein']
751	['airport']
752	['language']
753	[]
754	[]
755	['track cyclist', 'road']
756	[]
757	['village']
758	['stream']
759	[]
760	['judoka']
761	['album']
762	[]
763	['politician']
764	['film']
765	['short film']
766	['villa']
767	[]
768	[]
769	['video game']
770	[]
771	[]
772	['film']
773	[]
774	[]
775	[]
776	[]
777	['mountain']
778	[]
779	['studio album']
780	[]
781	[]
782	['politician']
783	['sport']
784	[]
785	[]
786	[]
787	[]
788	[]
789	[]
790	[]
791	['judoka']
792	[]
793	[]
794	['village']
795	['stream']
796	[]
797	[]
798	['protein']
799	['river']
800	['studio album']
801	['organization']
802	[]
803	['television film']
804	[]
805	[]
806	[]
807	[]
808	[]
809	[]
810	['contemporary artist', 'work']
811	['newspaper']
812	[]
813	['play']
814	[]
815	[]
816	[]
817	[]
818	['entrepreneur']
819	['list']
820	[]
821	[]
822	[]
823	['village']
824	[]
825	['basketball player']
826	[]
827	['rule']
828	[]
829	[]
830	['lake']
831	[]
832	['village']
833	[]
834	[]
835	['book']
836	[]
837	['film']
838	['manager']
839	['mountain']
840	['swimmer']
841	[]
842	[]
843	[]
844	[]
845	[]
846	['war memorial']
847	[]
848	[]
849	[]
850	[]
851	[]
852	['village', 'community']
853	[]
854	['locality']
855	[]
856	[]
857	[]
858	['rock band']
859	[]
860	['golfer']
861	[]
862	['village']
863	['village']
864	[]
865	['town']
866	['village', 'municipality']
867	['village']
868	[]
869	[]
870	[]
871	['village']
872	[]
873	[]
874	['village']
875	['village']
876	[]
877	[]
878	['studio album']
879	[]
880	['service']
881	['politician']
882	[]
883	['singer']
884	['stream']
885	['village']
886	[]
887	[]
888	[]
889	[]
890	['album']
891	[]
892	[]
893	[]
894	[]
895	['play']
896	[]
897	[]
898	['village']
899	[]
900	['play']
901	[]
902	[]
903	[]
904	[]
905	['archaeological museum']
906	[]
907	[]
908	[]
909	[]
910	[]
911	['theatre', 'film director']
912	['marathon']
913	[]
914	['athlete']
915	[]
916	['village']
917	[]
918	['diplomat']
919	[]
920	[]
921	[]
922	[]
923	[]
924	['novel series']
925	['play']
926	[]
927	[]
928	[]
929	['lawyer', 'politician']
930	[]
931	[]
932	[]
933	[]
934	[]
935	[]
936	[]
937	['marathon']
938	[]
939	['sprinter', 'politician']
940	[]
941	[]
942	[]
943	[]
944	['railway station']
945	[]
946	[]
947	[]
948	[]
949	[]
950	['village']
951	['village']
952	[]
953	[]
954	['high school']
955	[]
956	['lighthouse']
957	['badminton player']
958	[]
959	[]
960	['village']
961	['video game']
962	['hamlet', 'townland']
963	[]
964	[]
965	[]
966	[]
967	[]
968	[]
969	[]
970	['company']
971	[]
972	[]
973	[]
974	[]
975	[]
976	['actor']
977	[]
978	['village']
979	[]
980	[]
981	['politician']
982	['village']
983	['business']
984	['play']
985	[]
986	['fashion model']
987	[]
988	[]
989	['academic journal']
990	[]
991	[]
992	[]
993	['television personality', 'announcer']
994	['rule']
995	['school']
996	['village']
997	[]
998	[]
999	['village', 'municipality']
1000	['museum', 'exhibit']
1001	['television producer']
1002	['university']
1003	[]
1004	[]
1005	[]
1006	[]
1007	[]
1008	['theatre']
1009	['river']
1010	['web series']
1011	[]
1012	[]
1013	['museum', 'art']
1014	[]
1015	[]
1016	[]
1017	[]
1018	['record label']
1019	[]
1020	['Hindu temple']
1021	['village']
1022	['group']
1023	[]
1024	['compilation album']
1025	['municipality']
1026	['list']
1027	[]
1028	[]
1029	[]
1030	[]
1031	[]
1032	[]
1033	[]
1034	[]
1035	[]
1036	[]
1037	[]
1038	[]
1039	[]
1040	['judoka']
1041	[]
1042	['play']
1043	['glacier']
1044	[]
1045	[]
1046	[]
1047	['studio album']
1048	[]
1049	['alpine skier']
1050	['railway station']
1051	['village', 'municipality']
1052	['sprinter']
1053	[]
1054	['album']
1055	['river']
1056	[]
1057	['athlete']
1058	[]
1059	['district']
1060	[]
1061	['museum']
1062	[]
1063	['village']
1064	[]
1065	['book series']
1066	['politician']
1067	[]
1068	['village']
1069	[]
1070	['song']
1071	['municipality']
1072	[]
1073	[]
1074	[]
1075	[]
1076	['hotel']
1077	['railway line']
1078	[]
1079	[]
1080	[]
1081	[]
1082	[]
1083	['municipality']
1084	[]
1085	[]
1086	[]
1087	[]
1088	[]
1089	[]
1090	[]
1091	['municipality']
1092	[]
1093	[]
1094	['album']
1095	['list']
1096	[]
1097	['video game']
1098	[]
1099	['illustrator', 'cartoonist']
1100	[]
1101	['people']
1102	['economist']
1103	[]
1104	[]
1105	[]
1106	[]
1107	[]
1108	['municipality']
1109	[]
1110	[]
1111	[]
1112	['marathon runner']
1113	['rower']
1114	['cricketer']
1115	[]
1116	['album']
1117	[]
1118	[]
1119	[]
1120	['compilation album']
1121	['high school']
1122	[]
1123	['poet', 'novelist']
1124	['artist']
1125	['athlete']
1126	[]
1127	['journalist', 'editor']
1128	[]
1129	[]
1130	[]
1131	[]
1132	[]
1133	['municipality']
1134	[]
1135	[]
1136	[]
1137	[]
1138	[]
1139	['politician']
1140	[]
1141	['village']
1142	[]
1143	[]
1144	[]
1145	[]
1146	[]
1147	[]
1148	['studio album']
1149	[]
1150	[]
1151	[]
1152	[]
1153	['politician']
1154	[]
1155	[]
1156	['village']
1157	['rugby union player']
1158	[]
1159	['locality']
1160	[]
1161	['institution']
1162	[]
1163	[]
1164	['art']
1165	['suburb']
1166	[]
1167	['extrasolar planet']
1168	['model']
1169	['athlete']
1170	['short story']
1171	[]
1172	['poet', 'songwriter']
1173	[]
1174	[]
1175	[]
1176	[]
1177	['village']
1178	[]
1179	['village']
1180	[]
1181	[]
1182	[]
1183	[]
1184	[]
1185	[]
1186	['cricketer']
1187	[]
1188	['diagram']
1189	['film']
1190	[]
1191	[]
1192	['sociologist']
1193	[]
1194	[]
1195	['municipality']
1196	[]
1197	['professor']
1198	['food']
1199	[]
1200	[]
1201	[]
1202	['brewery']
1203	['botanist', 'professor']
1204	[]
1205	[]
1206	[]
1207	[]
1208	[]
1209	['village']
1210	['river']
1211	['handball player']
1212	[]
1213	['song']
1214	['newspaper']
1215	['museum']
1216	[]
1217	['national park']
1218	['municipality']
1219	['archaeological site']
1220	['rule']
1221	[]
1222	[]
1223	[]
1224	['mine']
1225	[]
1226	[]
1227	['album']
1228	['ecclesiastical title']
1229	[]
1230	['family']
1231	['handball player']
1232	[]
1233	['film']
1234	[]
1235	[]
1236	[]
1237	['book']
1238	['actor', 'voice actor']
1239	['windsurfer']
1240	['village']
1241	['racing driver']
1242	[]
1243	[]
1244	[]
1245	['martial artist']
1246	[]
1247	['book']
1248	['politician']
1249	[]
1250	['town']
1251	['hamlet']
1252	[]
1253	[]
1254	['live album']
1255	['locality']
1256	['hospital']
1257	[]
1258	['political party']
1259	['sport shooter']
1260	[]
1261	['village']
1262	[]
1263	['song']
1264	[]
1265	['drummer']
1266	[]
1267	['director']
1268	[]
1269	['band']
1270	['village']
1271	['play']
1272	[]
1273	['list']
1274	[]
1275	['painting']
1276	['museum']
1277	[]
1278	[]
1279	[]
1280	[]
1281	['pathologist']
1282	[]
1283	[]
1284	[]
1285	['educator']
1286	[]
1287	[]
1288	[]
1289	[]
1290	[]
1291	[]
1292	[]
1293	[]
1294	[]
1295	['village']
1296	['play']
1297	['play']
1298	[]
1299	[]
1300	['town']
1301	[]
1302	[]
1303	[]
1304	['summit']
1305	['lake']
1306	['film']
1307	[]
1308	[]
1309	[]
1310	[]
1311	['transboundary river']
1312	['studio album']
1313	['museum']
1314	[]
1315	[]
1316	[]
1317	['neurologist']
1318	['school']
1319	['studio album']
1320	[]
1321	[]
1322	[]
1323	['cemetery']
1324	[]
1325	[]
1326	[]
1327	[]
1328	['lake']
1329	['studio album']
1330	['college']
1331	[]
1332	[]
1333	[]
1334	['mountain']
1335	[]
1336	[]
1337	[]
1338	['title']
1339	[]
1340	[]
1341	[]
1342	['list']
1343	['village', 'municipality']
1344	['city', 'seaport']
1345	['diplomat']
1346	[]
1347	[]
1348	[]
1349	[]
1350	[]
1351	[]
1352	[]
1353	[]
1354	['secondary school']
1355	[]
1356	[]
1357	[]
1358	[]
1359	[]
1360	[]
1361	[]
1362	[]
1363	[]
1364	[]
1365	['album']
1366	['village']
1367	[]
1368	[]
1369	[]
1370	[]
1371	[]
1372	['basketball player']
1373	[]
1374	[]
1375	['painter']
1376	[]
1377	[]
1378	[]
1379	[]
1380	['municipality']
1381	[]
1382	[]
1383	[]
1384	['road']
1385	[]
1386	['title']
1387	['village']
1388	[]
1389	[]
1390	[]
1391	[]
1392	[]
1393	[]
1394	[]
1395	['entrepreneur']
1396	[]
1397	[]
1398	['village']
1399	[]
1400	['theatre', 'theatre company']
1401	[]
1402	[]
1403	[]
1404	[]
1405	[]
1406	[]
1407	[]
1408	[]
1409	['parish church']
1410	[]
1411	[]
1412	[]
1413	[]
1414	[]
1415	[]
1416	['fencer']
1417	[]
1418	[]
1419	['company']
1420	['library classification']
1421	[]
1422	[]
1423	['football club']
1424	['locality']
1425	[]
1426	[]
1427	[]
1428	[]
1429	['town']
1430	[]
1431	[]
1432	['locality']
1433	['suburb']
1434	[]
1435	[]
1436	[]
1437	['song', 'musician']
1438	[]
1439	[]
1440	['baseball player']
1441	[]
1442	['song']
1443	['village']
1444	[]
1445	['formation']
1446	['politician']
1447	[]
1448	[]
1449	[]
1450	['municipality']
1451	['rule']
1452	[]
1453	[]
1454	[]
1455	[]
1456	[]
1457	['politician']
1458	[]
1459	[]
1460	[]
1461	[]
1462	[]
1463	[]
1464	[]
1465	[]
1466	[]
1467	['athlete']
1468	['language']
1469	['jazz pianist']
1470	['political party']
1471	['basketball player']
1472	['pianist']
1473	[]
1474	['valley']
1475	['film director', 'screenwriter']
1476	[]
1477	[]
1478	[]
1479	['town']
1480	[]
1481	['name']
1482	['film']
1483	['studio album']
1484	[]
1485	['rock band']
1486	['town']
1487	[]
1488	[]
1489	['book']
1490	['cricketer']
1491	['poem', 'poet']
1492	[]
1493	[]
1494	['stream']
1495	[]
1496	[]
1497	['song']
1498	[]
1499	[]
1500	['railway line']
1501	['village']
1502	[]
1503	[]
1504	['football club']
1505	['fictional character']
1506	[]
1507	[]
1508	['village', 'municipality']
1509	['drummer']
1510	[]
1511	[]
1512	[]
1513	['bridge']
1514	[]
1515	[]
1516	[]
1517	[]
1518	[]
1519	[]
1520	[]
1521	[]
1522	[]
1523	['road']
1524	[]
1525	[]
1526	[]
1527	[]
1528	['village']
1529	['acronym']
1530	['actor']
1531	[]
1532	[]
1533	[]
1534	[]
1535	['village']
1536	[]
1537	[]
1538	['museum']
1539	['romance', 'star']
1540	[]
1541	['town', 'area']
1542	[]
1543	['village']
1544	[]
1545	[]
1546	['list']
1547	[]
1548	['village']
1549	[]
1550	[]
1551	[]
1552	['artist']
1553	[]
1554	[]
1555	[]
1556	['city', 'capital']
1557	['community']
1558	[]
1559	[]
1560	['star']
1561	['song']
1562	[]
1563	['municipality']
1564	[]
1565	[]
1566	['lawyer']
1567	[]
1568	[]
1569	[]
1570	[]
1571	['singer']
1572	[]
1573	[]
1574	[]
1575	[]
1576	['municipality']
1577	[]
1578	['entrepreneur']
1579	[]
1580	['tram stop']
1581	['memorial']
1582	[]
1583	[]
1584	['leader']
1585	[]
1586	[]
1587	['stock market index']
1588	[]
1589	['name']
1590	['school district']
1591	[]
1592	['sprinter']
1593	['village']
1594	[]
1595	[]
1596	[]
1597	['monument']
1598	[]
1599	['village']
1600	['lawyer']
1601	[]
1602	[]
1603	['play']
1604	['model']
1605	[]
1606	[]
1607	[]
1608	[]
1609	[]
1610	[]
1611	[]
1612	[]
1613	['village']
1614	['politician']
1615	[]
1616	[]
1617	['village']
1618	['island']
1619	['title']
1620	[]
1621	[]
1622	[]
1623	[]
1624	[]
1625	[]
1626	[]
1627	['coach']
1628	[]
1629	[]
1630	[]
1631	['village']
1632	[]
1633	[]
1634	[]
1635	['palace']
1636	[]
1637	[]
1638	[]
1639	[]
1640	[]
1641	['furniture designer']
1642	[]
1643	[]
1644	['calligrapher', 'researcher']
1645	[]
1646	['organization']
1647	['politician', 'lawyer']
1648	[]
1649	[]
1650	['village']
1651	[]
1652	['judge']
1653	[]
1654	[]
1655	['water polo player']
1656	[]
1657	[]
1658	['locality']
1659	[]
1660	['village']
1661	[]
1662	['district']
1663	['dish']
1664	[]
1665	[]
1666	['airport']
1667	[]
1668	['village']
1669	[]
1670	['album']
1671	['village']
1672	['work']
1673	['village']
1674	[]
1675	[]
1676	[]
1677	[]
1678	['director']
1679	['journalist', 'presenter', 'channel']
1680	[]
1681	[]
1682	[]
1683	['locality']
1684	[]
1685	['television drama']
1686	[]
1687	[]
1688	['lighthouse']
1689	[]
1690	[]
1691	[]
1692	[]
1693	['cricketer']
1694	[]
1695	['television series']
1696	[]
1697	['glacier']
1698	[]
1699	[]
1700	[]
1701	[]
1702	[]
1703	[]
1704	[]
1705	[]
1706	[]
1707	[]
1708	['hospital']
1709	['town']
1710	[]
1711	['computer scientist', 'free software']
1712	[]
1713	[]
1714	[]
1715	['group']
1716	['author', 'journalist']
1717	[]
1718	[]
1719	['municipality']
1720	[]
1721	[]
1722	[]
1723	[]
1724	[]
1725	['town']
1726	['association']
1727	['lawyer', 'sheriff']
1728	[]
1729	[]
1730	[]
1731	[]
1732	[]
1733	[]
1734	['hamlet']
1735	[]
1736	['village']
1737	['village']
1738	[]
1739	[]
1740	['formation']
1741	[]
1742	[]
1743	['village']
1744	[]
1745	[]
1746	[]
1747	['studio album']
1748	['baseball player']
1749	[]
1750	[]
1751	['film']
1752	['school district']
1753	[]
1754	[]
1755	['newspaper']
1756	[]
1757	['studio album']
1758	[]
1759	['play']
1760	[]
1761	['bank']
1762	['village']
1763	[]
1764	['building']
1765	[]
1766	[]
1767	[]
1768	[]
1769	[]
1770	['language']
1771	[]
1772	[]
1773	[]
1774	[]
1775	[]
1776	[]
1777	['aircraft']
1778	[]
1779	[]
1780	[]
1781	[]
1782	['protein']
1783	['rap group']
1784	['painting']
1785	[]
1786	['film']
1787	[]
1788	['football club']
1789	['play']
1790	[]
1791	['protein']
1792	[]
1793	['village']
1794	['skyscraper']
1795	['mountain']
1796	['group']
1797	[]
1798	['parish church']
1799	['law enforcement agency']
1800	[]
1801	['historian']
1802	[]
1803	[]
1804	[]
1805	['film', 'television director']
1806	['play']
1807	[]
1808	['etymological dictionary']
1809	[]
1810	['market town', 'civil parish']
1811	[]
1812	[]
1813	[]
1814	['romance']
1815	[]
1816	['studio album']
1817	['village']
1818	['painter', 'artist']
1819	[]
1820	[]
1821	['essayist', 'writer']
1822	[]
1823	['lake']
1824	[]
1825	[]
1826	['studio album']
1827	[]
1828	[]
1829	[]
1830	['long jumper']
1831	[]
1832	['studio album']
1833	[]
1834	[]
1835	['painter']
1836	[]
1837	[]
1838	['race']
1839	[]
1840	[]
1841	['daily newspaper']
1842	['award']
1843	[]
1844	['studio album']
1845	[]
1846	[]
1847	['artist', 'music producer']
1848	[]
1849	[]
1850	['group']
1851	[]
1852	[]
1853	['title']
1854	['asteroid']
1855	[]
1856	[]
1857	['town']
1858	['private university']
1859	[]
1860	['December']
1861	[]
1862	[]
1863	[]
1864	[]
1865	[]
1866	['radio station']
1867	['village']
1868	[]
1869	['secondary school']
1870	['strait', 'island']
1871	[]
1872	[]
1873	[]
1874	['television series']
1875	[]
1876	['song']
1877	[]
1878	[]
1879	['swimmer']
1880	['village']
1881	['town']
1882	[]
1883	['business']
1884	['capital']
1885	['village']
1886	[]
1887	[]
1888	[]
1889	[]
1890	[]
1891	[]
1892	[]
1893	['title']
1894	['municipality']
1895	['live album']
1896	['hamlet']
1897	[]
1898	['basketball player']
1899	['fencer']
1900	['ridge']
1901	[]
1902	[]
1903	[]
1904	['cultivar']
1905	[]
1906	[]
1907	['single']
1908	['theorem']
1909	['municipality']
1910	['village']
1911	[]
1912	['village']
1913	['protein']
1914	['arrondissement of France']
1915	[]
1916	[]
1917	['song']
1918	[]
1919	['rock']
1920	['director', 'actor']
1921	[]
1922	['dam']
1923	['mountain']
1924	[]
1925	['play']
1926	[]
1927	['compilation album']
1928	[]
1929	[]
1930	[]
1931	[]
1932	[]
1933	[]
1934	[]
1935	[]
1936	[]
1937	[]
1938	['school']
1939	[]
1940	[]
1941	[]
1942	[]
1943	['radio station']
1944	[]
1945	[]
1946	['district']
1947	['volleyball player']
1948	[]
1949	[]
1950	['village']
1951	['album']
1952	[]
1953	['river']
1954	[]
1955	[]
1956	['academy']
1957	[]
1958	['village']
1959	[]
1960	[]
1961	[]
1962	[]
1963	['sculptor']
1964	[]
1965	[]
1966	['college']
1967	[]
1968	[]
1969	['ice hockey player']
1970	['philanthropist']
1971	['radio station']
1972	['family']
1973	['guitarist', 'singer']
1974	[]
1975	['village']
1976	['ethnologist']
1977	['organization']
1978	['municipality']
1979	[]
1980	['name']
1981	[]
1982	['school']
1983	[]
1984	[]
1985	[]
1986	['painter', 'sculptor', 'construction']
1987	['song']
1988	['sprinter']
1989	[]
1990	[]
1991	[]
1992	[]
1993	[]
1994	[]
1995	['geneticist']
1996	['play']
1997	[]
1998	[]
1999	[]
2000	['film', 'theatre', 'award']
2001	[]
2002	[]
2003	[]
2004	[]
2005	[]
2006	[]
2007	[]
2008	[]
2009	[]
2010	[]
2011	['former municipality']
2012	['village']
2013	[]
2014	[]
2015	[]
2016	[]
2017	[]
2018	['pianist', 'record producer']
2019	[]
2020	[]
2021	[]
2022	['singer']
2023	['wrestler']
2024	[]
2025	['stream']
2026	[]
2027	[]
2028	[]
2029	['village', 'municipality']
2030	[]
2031	[]
2032	[]
2033	[]
2034	['rock band']
2035	[]
2036	['village', 'civil parish']
2037	[]
2038	[]
2039	[]
2040	[]
2041	[]
2042	[]
2043	[]
2044	['dancer', 'teacher']
2045	[]
2046	[]
2047	[]
2048	[]
2049	[]
2050	['nunatak']
2051	['airport', 'municipality']
2052	[]
2053	['district']
2054	[]
2055	['cricketer']
2056	['song']
2057	[]
2058	['name']
2059	[]
2060	[]
2061	['songwriter']
2062	['village', 'civil parish']
2063	['artificial island']
2064	['rower']
2065	[]
2066	['surgeon', 'teacher']
2067	['amateur wrestler']
2068	['stage', 'television actor']
2069	[]
2070	['singer']
2071	['play']
2072	[]
2073	[]
2074	['jazz pianist']
2075	['book']
2076	[]
2077	['public university']
2078	['hotel']
2079	[]
2080	[]
2081	[]
2082	[]
2083	['archaeological site']
2084	[]
2085	['railway line']
2086	['family']
2087	[]
2088	[]
2089	[]
2090	[]
2091	[]
2092	[]
2093	[]
2094	['craton']
2095	['rock band']
2096	['nickname']
2097	['novella']
2098	[]
2099	[]
2100	['sculptor']
2101	['studio album']
2102	[]
2103	['alpine skier']
2104	[]
2105	[]
2106	[]
2107	['town']
2108	[]
2109	[]
2110	[]
2111	[]
2112	[]
2113	['play']
2114	[]
2115	[]
2116	[]
2117	[]
2118	['festival']
2119	[]
2120	[]
2121	[]
2122	['writer', 'photographer']
2123	[]
2124	['town']
2125	['fortification']
2126	[]
2127	[]
2128	[]
2129	[]
2130	[]
2131	[]
2132	['play']
2133	[]
2134	[]
2135	['journalist', 'university']
2136	[]
2137	[]
2138	['dam']
2139	[]
2140	['award']
2141	[]
2142	[]
2143	[]
2144	[]
2145	[]
2146	['civil parish']
2147	[]
2148	[]
2149	[]
2150	[]
2151	[]
2152	[]
2153	[]
2154	['winery']
2155	['town', 'locality']
2156	[]
2157	[]
2158	['brand']
2159	[]
2160	['family']
2161	['novella']
2162	['village']
2163	[]
2164	[]
2165	['boxer']
2166	[]
2167	[]
2168	[]
2169	[]
2170	['journal']
2171	[]
2172	[]
2173	['chef']
2174	[]
2175	[]
2176	[]
2177	[]
2178	[]
2179	['group']
2180	['entrepreneur', 'politician']
2181	['boxer']
2182	['cricketer']
2183	[]
2184	['library']
2185	['playwright']
2186	['restaurant']
2187	[]
2188	[]
2189	[]
2190	[]
2191	['school']
2192	['sprinter']
2193	[]
2194	[]
2195	['play']
2196	['galaxy']
2197	['film']
2198	[]
2199	['play']
2200	['documentary filmmaker']
2201	[]
2202	[]
2203	['play']
2204	[]
2205	[]
2206	[]
2207	['book']
2208	[]
2209	['list']
2210	['group']
2211	['painting']
2212	['fictional character']
2213	['area']
2214	['television series']
2215	[]
2216	[]
2217	[]
2218	[]
2219	[]
2220	[]
2221	['composer']
2222	['mechanical engineer']
2223	['order']
2224	[]
2225	['village']
2226	[]
2227	[]
2228	['politician']
2229	[]
2230	[]
2231	['anthology']
2232	[]
2233	[]
2234	[]
2235	[]
2236	[]
2237	['singer']
2238	['club']
2239	[]
2240	[]
2241	['suburb']
2242	[]
2243	[]
2244	['command']
2245	['district']
2246	[]
2247	[]
2248	['song']
2249	['wrestler']
2250	[]
2251	[]
2252	[]
2253	[]
2254	[]
2255	['village']
2256	['film producer']
2257	[]
2258	[]
2259	[]
2260	[]
2261	[]
2262	[]
2263	[]
2264	[]
2265	[]
2266	[]
2267	[]
2268	[]
2269	['list']
2270	['cricketer']
2271	['performance artist']
2272	[]
2273	[]
2274	[]
2275	[]
2276	[]
2277	[]
2278	[]
2279	[]
2280	[]
2281	['village']
2282	[]
2283	[]
2284	['trumpeter']
2285	[]
2286	['town']
2287	[]
2288	['capital']
2289	[]
2290	[]
2291	['locality']
2292	['writer']
2293	['web application']
2294	[]
2295	['video game']
2296	[]
2297	[]
2298	[]
2299	['actor', 'dancer']
2300	['protein']
2301	['writer', 'critic']
2302	[]
2303	[]
2304	[]
2305	[]
2306	['sociologist']
2307	['film']
2308	[]
2309	['football club']
2310	[]
2311	['mansion']
2312	[]
2313	[]
2314	[]
2315	[]
2316	['film']
2317	[]
2318	[]
2319	[]
2320	['gravity dam']
2321	['singer', 'singer']
2322	['singer']
2323	[]
2324	[]
2325	['school district']
2326	[]
2327	['dialect']
2328	[]
2329	['family']
2330	[]
2331	[]
2332	[]
2333	[]
2334	['bridge']
2335	[]
2336	['compilation album']
2337	[]
2338	[]
2339	[]
2340	[]
2341	['village']
2342	[]
2343	['sport']
2344	[]
2345	[]
2346	[]
2347	['politician']
2348	['live album']
2349	[]
2350	[]
2351	[]
2352	[]
2353	['venue']
2354	[]
2355	['round barn']
2356	['studio album']
2357	[]
2358	[]
2359	[]
2360	['town', 'district']
2361	[]
2362	[]
2363	[]
2364	[]
2365	[]
2366	[]
2367	['singer']
2368	['mountain']
2369	[]
2370	[]
2371	['district']
2372	[]
2373	[]
2374	['cricketer']
2375	['building']
2376	[]
2377	[]
2378	[]
2379	['historic house']
2380	[]
2381	[]
2382	['play']
2383	[]
2384	['athlete']
2385	['lake']
2386	['temple']
2387	[]
2388	['play']
2389	['lake']
2390	['protein']
2391	[]
2392	[]
2393	[]
2394	['album']
2395	['studio album']
2396	['name']
2397	[]
2398	[]
2399	[]
2400	['play']
2401	[]
2402	[]
2403	[]
2404	['poker player']
2405	[]
2406	[]
2407	[]
2408	[]
2409	['village']
2410	['chemical element']
2411	[]
2412	[]
2413	['village']
2414	[]
2415	['politician']
2416	[]
2417	['politician']
2418	[]
2419	[]
2420	[]
2421	[]
2422	[]
2423	[]
2424	[]
2425	[]
2426	['play']
2427	['town']
2428	[]
2429	[]
2430	[]
2431	[]
2432	['stream']
2433	[]
2434	[]
2435	[]
2436	['singer']
2437	['film']
2438	['list']
2439	[]
2440	[]
2441	[]
2442	['village']
2443	['album']
2444	['radio station']
2445	[]
2446	[]
2447	[]
2448	['town']
2449	['race']
2450	['studio album']
2451	[]
2452	['film']
2453	[]
2454	[]
2455	[]
2456	[]
2457	[]
2458	['town']
2459	['actor']
2460	['rower']
2461	[]
2462	[]
2463	['lake']
2464	['scientific journal']
2465	['secondary school']
2466	[]
2467	[]
2468	['film']
2469	['pianist']
2470	['play']
2471	[]
2472	[]
2473	[]
2474	[]
2475	[]
2476	['stage', 'actor']
2477	['film']
2478	[]
2479	[]
2480	['educational institution']
2481	[]
2482	['village']
2483	['art school']
2484	['singer']
2485	[]
2486	['act']
2487	['album']
2488	[]
2489	[]
2490	['village']
2491	[]
2492	[]
2493	['town']
2494	['village']
2495	[]
2496	[]
2497	[]
2498	['year']
2499	['ski mountaineer']
2500	[]
2501	[]
2502	[]
2503	[]
2504	[]
2505	[]
2506	[]
2507	[]
2508	[]
2509	['audio engineer']
2510	[]
2511	[]
2512	['magazine']
2513	[]
2514	['novelist']
2515	['memorial']
2516	['swimmer']
2517	[]
2518	[]
2519	[]
2520	[]
2521	['play']
2522	[]
2523	[]
2524	[]
2525	[]
2526	['album', 'rock band']
2527	['village']
2528	['poet', 'lyricist']
2529	[]
2530	['anthropologist']
2531	[]
2532	[]
2533	[]
2534	['studio album']
2535	[]
2536	['jurist']
2537	[]
2538	[]
2539	['bridge']
2540	['star']
2541	[]
2542	['province']
2543	[]
2544	[]
2545	[]
2546	[]
2547	['film']
2548	['river']
2549	[]
2550	['compilation album', 'album']
2551	['water polo player']
2552	[]
2553	[]
2554	['boxer']
2555	[]
2556	[]
2557	[]
2558	[]
2559	[]
2560	['museum']
2561	['town']
2562	[]
2563	[]
2564	[]
2565	[]
2566	[]
2567	['reporter']
2568	['virtual machine']
2569	['venue']
2570	[]
2571	[]
2572	[]
2573	[]
2574	[]
2575	[]
2576	[]
2577	['auction house']
2578	[]
2579	['language']
2580	[]
2581	[]
2582	['actor', 'director']
2583	[]
2584	['television drama']
2585	['wrestler']
2586	['village']
2587	[]
2588	[]
2589	['album']
2590	[]
2591	[]
2592	[]
2593	[]
2594	[]
2595	[]
2596	['moshav']
2597	[]
2598	[]
2599	[]
2600	[]
2601	['play']
2602	[]
2603	[]
2604	[]
2605	[]
2606	[]
2607	[]
2608	['ice show']
2609	['song']
2610	[]
2611	[]
2612	['town']
2613	[]
2614	[]
2615	['locality']
2616	[]
2617	[]
2618	[]
2619	[]
2620	[]
2621	['village']
2622	[]
2623	[]
2624	['studio album']
2625	[]
2626	[]
2627	[]
2628	['weir']
2629	['suburb']
2630	[]
2631	['island']
2632	[]
2633	[]
2634	['politician']
2635	[]
2636	[]
2637	['martial artist']
2638	[]
2639	['artist']
2640	[]
2641	['feature film']
2642	['singer']
2643	['lawyer', 'politician']
2644	['science communicator']
2645	[]
2646	[]
2647	[]
2648	[]
2649	['album']
2650	['village']
2651	[]
2652	[]
2653	['song']
2654	['building']
2655	[]
2656	[]
2657	[]
2658	[]
2659	[]
2660	[]
2661	[]
2662	['bandy player']
2663	[]
2664	['association football stadium']
2665	['album', 'composer']
2666	['name']
2667	[]
2668	[]
2669	['film director']
2670	[]
2671	[]
2672	[]
2673	['association football referee']
2674	[]
2675	['airport']
2676	['art']
2677	['annual event']
2678	[]
2679	[]
2680	['manager']
2681	['band']
2682	[]
2683	['family']
2684	['singer', 'songwriter']
2685	['order']
2686	[]
2687	[]
2688	[]
2689	['politician']
2690	[]
2691	[]
2692	[]
2693	[]
2694	['village']
2695	['skateboarder']
2696	[]
2697	['monastery']
2698	['stone circle']
2699	['village']
2700	[]
2701	[]
2702	[]
2703	['rugby union player']
2704	[]
2705	[]
2706	['prefecture of Morocco']
2707	[]
2708	['badminton player']
2709	['river']
2710	[]
2711	[]
2712	['company']
2713	[]
2714	['play']
2715	[]
2716	['hurdler']
2717	[]
2718	[]
2719	[]
2720	[]
2721	[]
2722	[]
2723	['village']
2724	['sprinter']
2725	['mountain']
2726	[]
2727	[]
2728	[]
2729	[]
2730	['film']
2731	[]
2732	[]
2733	[]
2734	['castle']
2735	[]
2736	['academy']
2737	[]
2738	[]
2739	[]
2740	['chess player']
2741	[]
2742	['studio album']
2743	[]
2744	[]
2745	['village']
2746	[]
2747	['family']
2748	['singer']
2749	[]
2750	['television presenter']
2751	['ranch', 'community']
2752	['list']
2753	[]
2754	[]
2755	['singer']
2756	[]
2757	['film']
2758	[]
2759	['name']
2760	[]
2761	['Linux distribution']
2762	['city']
2763	['term']
2764	[]
2765	['community college']
2766	['play']
2767	[]
2768	['municipality']
2769	['building']
2770	[]
2771	['politician']
2772	[]
2773	[]
2774	['opera singer', 'recording artist']
2775	[]
2776	['organization']
2777	[]
2778	[]
2779	['service']
2780	['election']
2781	[]
2782	['television station']
2783	['river']
2784	['hurdler']
2785	[]
2786	[]
2787	[]
2788	['sport shooter']
2789	[]
2790	['island']
2791	['cricketer']
2792	['port']
2793	[]
2794	[]
2795	[]
2796	[]
2797	[]
2798	['town', 'municipality']
2799	['lake']
2800	[]
2801	['tribe']
2802	[]
2803	['feature film']
2804	[]
2805	['play']
2806	[]
2807	[]
2808	[]
2809	[]
2810	['city']
2811	[]
2812	[]
2813	[]
2814	['journalist']
2815	['parish church']
2816	[]
2817	['drug']
2818	['economic historian']
2819	[]
2820	[]
2821	['politician']
2822	['name']
2823	[]
2824	[]
2825	['village']
2826	[]
2827	[]
2828	[]
2829	['village', 'municipality']
2830	[]
2831	[]
2832	[]
2833	['play']
2834	[]
2835	['radio station']
2836	[]
2837	[]
2838	['impresario', 'producer']
2839	[]
2840	[]
2841	[]
2842	['company']
2843	['island']
2844	[]
2845	[]
2846	[]
2847	[]
2848	[]
2849	[]
2850	['canal']
2851	[]
2852	[]
2853	[]
2854	[]
2855	[]
2856	['magazine']
2857	[]
2858	[]
2859	[]
2860	[]
2861	['band']
2862	['governor']
2863	['poet', 'playwright']
2864	['architect', 'founder']
2865	[]
2866	[]
2867	['school']
2868	[]
2869	['lagoon']
2870	['linguist']
2871	[]
2872	['book']
2873	[]
2874	['reservoir']
2875	['cellist', 'sound designer']
2876	['studio album']
2877	['language']
2878	['municipality']
2879	['book']
2880	[]
2881	['town']
2882	['rock']
2883	[]
2884	[]
2885	[]
2886	['volleyball player']
2887	['play']
2888	[]
2889	['municipality']
2890	['organization']
2891	[]
2892	['village']
2893	[]
2894	['software']
2895	['airport']
2896	['village']
2897	['town', 'municipality']
2898	[]
2899	[]
2900	[]
2901	[]
2902	['lawyer']
2903	[]
2904	['civil parish']
2905	[]
2906	['play']
2907	[]
2908	[]
2909	['multimedia artist']
2910	[]
2911	['album']
2912	[]
2913	[]
2914	[]
2915	[]
2916	['state highway']
2917	[]
2918	['municipality']
2919	[]
2920	[]
2921	[]
2922	[]
2923	['village']
2924	[]
2925	['town']
2926	['village']
2927	['star']
2928	[]
2929	['song']
2930	['raga']
2931	['suburb']
2932	[]
2933	['organization']
2934	[]
2935	['studio album']
2936	['village']
2937	[]
2938	['writer']
2939	['language']
2940	['list']
2941	[]
2942	['boxer']
2943	[]
2944	[]
2945	[]
2946	[]
2947	[]
2948	['table tennis player']
2949	[]
2950	[]
2951	[]
2952	[]
2953	[]
2954	[]
2955	['rule']
2956	[]
2957	[]
2958	[]
2959	['foundation']
2960	[]
2961	[]
2962	[]
2963	['village']
2964	['artist', 'photographer']
2965	[]
2966	[]
2967	['play']
2968	[]
2969	[]
2970	[]
2971	[]
2972	['studio album']
2973	[]
2974	['grove']
2975	[]
2976	[]
2977	['court']
2978	[]
2979	[]
2980	['ice hockey team']
2981	[]
2982	[]
2983	[]
2984	['village']
2985	[]
2986	[]
2987	[]
2988	[]
2989	[]
2990	['studio album']
2991	['tributary']
2992	['railway station']
2993	[]
2994	['town']
2995	[]
2996	[]
2997	[]
2998	[]
2999	[]
3000	[]
3001	['park']
3002	[]
3003	['locality']
3004	['name']
3005	[]
3006	[]
3007	['river']
3008	[]
3009	[]
3010	[]
3011	['high jumper']
3012	['play']
3013	['plain']
3014	[]
3015	['compilation album']
3016	[]
3017	[]
3018	[]
3019	[]
3020	['language']
3021	['fish hatchery']
3022	[]
3023	['town']
3024	['application']
3025	['lake']
3026	['list']
3027	[]
3028	['author']
3029	['record producer', 'entrepreneur']
3030	[]
3031	[]
3032	[]
3033	[]
3034	[]
3035	['title']
3036	['conductor']
3037	['discus thrower']
3038	['compilation album']
3039	[]
3040	['engineering school', 'district']
3041	[]
3042	[]
3043	[]
3044	[]
3045	[]
3046	[]
3047	[]
3048	['community']
3049	[]
3050	[]
3051	[]
3052	[]
3053	['conductor']
3054	[]
3055	[]
3056	[]
3057	[]
3058	['enzyme']
3059	[]
3060	[]
3061	[]
3062	[]
3063	[]
3064	[]
3065	['protein']
3066	['list']
3067	['village']
3068	[]
3069	[]
3070	['cricketer']
3071	[]
3072	[]
3073	[]
3074	[]
3075	[]
3076	[]
3077	[]
3078	['artist']
3079	[]
3080	[]
3081	[]
3082	[]
3083	[]
3084	['journalist']
3085	[]
3086	['school']
3087	[]
3088	['alkyne']
3089	[]
3090	[]
3091	['play']
3092	[]
3093	[]
3094	[]
3095	[]
3096	[]
3097	['studio album']
3098	[]
3099	['political party']
3100	['formation']
3101	['village']
3102	[]
3103	['tributary']
3104	[]
3105	[]
3106	[]
3107	['municipality']
3108	[]
3109	[]
3110	[]
3111	['community', 'record company']
3112	[]
3113	['railway station']
3114	['town']
3115	['pianist', 'director']
3116	['municipality']
3117	[]
3118	[]
3119	['high school']
3120	[]
3121	[]
3122	[]
3123	[]
3124	[]
3125	['museum']
3126	['village']
3127	['film director']
3128	['locality']
3129	[]
3130	[]
3131	['village']
3132	['rugby union player']
3133	[]
3134	[]
3135	[]
3136	['journalist', 'producer']
3137	[]
3138	['law enforcement agency']
3139	[]
3140	[]
3141	['civil parish']
3142	['documentary film']
3143	[]
3144	['arena']
3145	[]
3146	[]
3147	['play']
3148	[]
3149	[]
3150	[]
3151	['historian']
3152	[]
3153	[]
3154	['historic house']
3155	[]
3156	['order']
3157	[]
3158	['municipality']
3159	[]
3160	[]
3161	[]
3162	[]
3163	[]
3164	['ice hockey player']
3165	[]
3166	[]
3167	['actor']
3168	[]
3169	[]
3170	[]
3171	[]
3172	['studio album']
3173	[]
3174	[]
3175	[]
3176	['national park']
3177	[]
3178	[]
3179	[]
3180	[]
3181	[]
3182	[]
3183	[]
3184	[]
3185	['singer']
3186	[]
3187	['photographer', 'historian']
3188	[]
3189	['painter']
3190	['reservoir']
3191	['politician']
3192	['author']
3193	[]
3194	[]
3195	[]
3196	[]
3197	['fashion designer']
3198	[]
3199	[]
3200	[]
3201	[]
3202	['town']
3203	['village']
3204	['violinist']
3205	[]
3206	['judoka']
3207	[]
3208	[]
3209	[]
3210	[]
3211	[]
3212	[]
3213	['village']
3214	[]
3215	[]
3216	[]
3217	[]
3218	[]
3219	['suburb']
3220	[]
3221	[]
3222	['high school']
3223	['horse']
3224	['rock']
3225	[]
3226	[]
3227	[]
3228	[]
3229	[]
3230	[]
3231	['name']
3232	[]
3233	[]
3234	[]
3235	[]
3236	['film']
3237	[]
3238	['mountain']
3239	[]
3240	['commercial building']
3241	['cinematographer', 'film director']
3242	[]
3243	[]
3244	[]
3245	[]
3246	[]
3247	[]
3248	[]
3249	[]
3250	['town']
3251	['village']
3252	['artist']
3253	['baseball player']
3254	['list']
3255	[]
3256	['village']
3257	['philanthropist']
3258	['university', 'politician']
3259	[]
3260	['basketball player']
3261	[]
3262	[]
3263	[]
3264	[]
3265	['locality']
3266	[]
3267	[]
3268	['language']
3269	['poet']
3270	['village']
3271	[]
3272	[]
3273	[]
3274	['farmhouse']
3275	[]
3276	[]
3277	[]
3278	[]
3279	['short story']
3280	[]
3281	[]
3282	['steel roller coaster']
3283	[]
3284	[]
3285	[]
3286	['writer']
3287	[]
3288	[]
3289	[]
3290	['baseball player']
3291	['village']
3292	[]
3293	[]
3294	['location']
3295	[]
3296	[]
3297	[]
3298	[]
3299	['village']
3300	[]
3301	[]
3302	[]
3303	[]
3304	[]
3305	[]
3306	['town']
3307	['architect']
3308	[]
3309	['cricketer']
3310	['bank']
3311	[]
3312	[]
3313	[]
3314	[]
3315	[]
3316	[]
3317	['author', 'publisher']
3318	['port']
3319	[]
3320	[]
3321	[]
3322	[]
3323	[]
3324	[]
3325	['track cyclist', 'road']
3326	[]
3327	[]
3328	[]
3329	[]
3330	[]
3331	[]
3332	['fictional character']
3333	['composer']
3334	['list']
3335	[]
3336	['treaty']
3337	[]
3338	['lake']
3339	['municipality']
3340	[]
3341	[]
3342	['historic house']
3343	['play']
3344	['city']
3345	[]
3346	[]
3347	[]
3348	[]
3349	['municipality']
3350	[]
3351	[]
3352	[]
3353	[]
3354	['village']
3355	[]
3356	[]
3357	[]
3358	[]
3359	[]
3360	[]
3361	[]
3362	['road']
3363	[]
3364	[]
3365	[]
3366	[]
3367	[]
3368	[]
3369	[]
3370	[]
3371	['rock']
3372	[]
3373	['village']
3374	[]
3375	[]
3376	[]
3377	['mountain pass']
3378	[]
3379	[]
3380	['language']
3381	['film']
3382	['film']
3383	['rugby union player']
3384	[]
3385	[]
3386	['house']
3387	['musician', 'percussionist']
3388	['cemetery']
3389	['race']
3390	['work']
3391	['village']
3392	[]
3393	[]
3394	[]
3395	[]
3396	[]
3397	['pastoral lease']
3398	[]
3399	[]
3400	[]
3401	[]
3402	[]
3403	[]
3404	['play']
3405	['studio album']
3406	['book']
3407	[]
3408	['racing driver']
3409	[]
3410	[]
3411	[]
3412	[]
3413	[]
3414	[]
3415	[]
3416	[]
3417	['studio album']
3418	[]
3419	[]
3420	[]
3421	[]
3422	[]
3423	[]
3424	['film']
3425	['designer', 'artist']
3426	[]
3427	['lake']
3428	['album']
3429	[]
3430	['town']
3431	[]
3432	['protein']
3433	[]
3434	[]
3435	[]
3436	[]
3437	['list']
3438	['hurler']
3439	[]
3440	[]
3441	['town']
3442	[]
3443	[]
3444	['civil parish']
3445	[]
3446	[]
3447	[]
3448	['musician', 'record producer']
3449	[]
3450	['road']
3451	[]
3452	[]
3453	[]
3454	['sport']
3455	[]
3456	[]
3457	[]
3458	[]
3459	[]
3460	[]
3461	[]
3462	['professor']
3463	[]
3464	[]
3465	['holiday']
3466	['term']
3467	[]
3468	['town']
3469	[]
3470	['basketball player']
3471	['area']
3472	[]
3473	[]
3474	['short story']
3475	['computer program']
3476	['play']
3477	[]
3478	['theatre']
3479	[]
3480	['television station']
3481	[]
3482	[]
3483	[]
3484	['market']
3485	['village']
3486	[]
3487	['language']
3488	[]
3489	[]
3490	['publisher']
3491	[]
3492	[]
3493	[]
3494	[]
3495	['tennis player']
3496	[]
3497	['municipality']
3498	['politician']
3499	[]
3500	[]
3501	[]
3502	[]
3503	[]
3504	['feature film']
3505	[]
3506	[]
3507	[]
3508	[]
3509	[]
3510	['museum']
3511	[]
3512	['city']
3513	[]
3514	[]
3515	[]
3516	[]
3517	[]
3518	['play']
3519	[]
3520	[]
3521	[]
3522	[]
3523	[]
3524	[]
3525	[]
3526	['album']
3527	['reservoir']
3528	['historic district']
3529	['neighborhood']
3530	[]
3531	[]
3532	[]
3533	[]
3534	['book series']
3535	[]
3536	['civil parish']
3537	[]
3538	[]
3539	['studio album']
3540	[]
3541	[]
3542	[]
3543	[]
3544	['chemical compound']
3545	[]
3546	['album']
3547	[]
3548	[]
3549	[]
3550	[]
3551	[]
3552	['stage', 'film']
3553	[]
3554	['gravity dam']
3555	['magazine']
3556	[]
3557	[]
3558	[]
3559	[]
3560	[]
3561	['civil parish']
3562	['composer', 'sound artist']
3563	[]
3564	['historic district']
3565	[]
3566	['language']
3567	[]
3568	[]
3569	[]
3570	['tributary']
3571	['play']
3572	['mountain hut']
3573	[]
3574	[]
3575	[]
3576	[]
3577	[]
3578	[]
3579	['filmmaker', 'journalist']
3580	[]
3581	[]
3582	['village']
3583	[]
3584	[]
3585	[]
3586	[]
3587	[]
3588	['studio album']
3589	['civil engineer', 'entrepreneur']
3590	['bridge']
3591	[]
3592	[]
3593	['football club']
3594	[]
3595	[]
3596	[]
3597	['combat vehicle']
3598	[]
3599	[]
3600	['magazine']
3601	[]
3602	[]
3603	[]
3604	['family']
3605	[]
3606	[]
3607	['film', 'star']
3608	['legal concept']
3609	[]
3610	[]
3611	[]
3612	['manuscript']
3613	[]
3614	[]
3615	[]
3616	[]
3617	[]
3618	[]
3619	['service']
3620	['play']
3621	['concept album']
3622	[]
3623	[]
3624	['locality']
3625	['district']
3626	[]
3627	['play']
3628	['documentary film']
3629	[]
3630	['field hockey player']
3631	[]
3632	['basketball player']
3633	[]
3634	[]
3635	[]
3636	[]
3637	['district']
3638	['village']
3639	['airport']
3640	[]
3641	[]
3642	['village', 'community']
3643	[]
3644	[]
3645	['locality']
3646	[]
3647	[]
3648	['country']
3649	[]
3650	['school']
3651	[]
3652	[]
3653	[]
3654	['marketplace']
3655	['stream']
3656	[]
3657	[]
3658	['village']
3659	[]
3660	[]
3661	[]
3662	[]
3663	['village']
3664	['reservoir']
3665	['hamlet']
3666	['village']
3667	['scientific journal']
3668	[]
3669	['language']
3670	[]
3671	['iron mine']
3672	[]
3673	['building']
3674	['monument']
3675	['village']
3676	[]
3677	[]
3678	[]
3679	[]
3680	[]
3681	[]
3682	['dog breed']
3683	['singer']
3684	[]
3685	[]
3686	[]
3687	['bay']
3688	['work']
3689	['name']
3690	[]
3691	['tennis player']
3692	['film']
3693	['locality']
3694	['college']
3695	[]
3696	[]
3697	['film']
3698	[]
3699	[]
3700	['video game']
3701	[]
3702	[]
3703	[]
3704	['photographer']
3705	['locality']
3706	[]
3707	['remix album']
3708	[]
3709	['boxer']
3710	['book']
3711	['village']
3712	[]
3713	['hammer thrower']
3714	[]
3715	[]
3716	['school district']
3717	[]
3718	['municipality']
3719	[]
3720	[]
3721	[]
3722	['entrepreneur', 'writer']
3723	['philosopher']
3724	[]
3725	[]
3726	[]
3727	[]
3728	[]
3729	[]
3730	['park']
3731	[]
3732	[]
3733	[]
3734	[]
3735	[]
3736	['boxer']
3737	['tributary']
3738	[]
3739	['village']
3740	['state highway']
3741	['politician']
3742	['mountain']
3743	['star']
3744	[]
3745	[]
3746	[]
3747	[]
3748	['film director', 'screenwriter']
3749	[]
3750	[]
3751	['municipality']
3752	['freestyle skier']
3753	['protein']
3754	['album']
3755	[]
3756	[]
3757	[]
3758	[]
3759	[]
3760	[]
3761	['protein']
3762	[]
3763	[]
3764	['play']
3765	[]
3766	[]
3767	['town']
3768	['village']
3769	[]
3770	['lock']
3771	['open cluster']
3772	[]
3773	[]
3774	[]
3775	[]
3776	[]
3777	['studio album']
3778	['poet']
3779	[]
3780	['film']
3781	['album']
3782	[]
3783	[]
3784	['athlete']
3785	[]
3786	['village']
3787	['song']
3788	[]
3789	[]
3790	['capitol building']
3791	[]
3792	['shot putter']
3793	['film']
3794	[]
3795	['boxer']
3796	['village']
3797	[]
3798	['airport']
3799	[]
3800	['village']
3801	[]
3802	['canal']
3803	['singer', 'theatre']
3804	[]
3805	[]
3806	[]
3807	[]
3808	['village', 'municipality']
3809	['language']
3810	['author']
3811	['name']
3812	['village']
3813	[]
3814	[]
3815	[]
3816	['food']
3817	['valley']
3818	['river']
3819	[]
3820	[]
3821	[]
3822	[]
3823	['university']
3824	[]
3825	[]
3826	[]
3827	[]
3828	['list']
3829	['rugby union player']
3830	[]
3831	[]
3832	['socialite']
3833	[]
3834	[]
3835	[]
3836	['canoeist']
3837	[]
3838	['songwriter']
3839	[]
3840	['lake']
3841	[]
3842	['watchmaker']
3843	['presenter', 'reporter']
3844	['archaeological site']
3845	[]
3846	[]
3847	[]
3848	['hamlet']
3849	['boxer']
3850	[]
3851	[]
3852	['short story']
3853	['album']
3854	[]
3855	[]
3856	[]
3857	[]
3858	[]
3859	['album']
3860	[]
3861	[]
3862	['river']
3863	[]
3864	['community college']
3865	[]
3866	['manuscript']
3867	[]
3868	['village']
3869	['family']
3870	[]
3871	[]
3872	[]
3873	['village']
3874	['basketball player']
3875	['record label']
3876	['secondary school']
3877	[]
3878	[]
3879	[]
3880	[]
3881	['actor']
3882	['rhythmic gymnast']
3883	['town']
3884	['golfer']
3885	['album']
3886	[]
3887	[]
3888	[]
3889	[]
3890	[]
3891	[]
3892	[]
3893	[]
3894	[]
3895	['guitarist']
3896	[]
3897	[]
3898	[]
3899	[]
3900	[]
3901	['artist']
3902	['road']
3903	[]
3904	['village']
3905	[]
3906	['village']
3907	['village']
3908	[]
3909	['name']
3910	[]
3911	[]
3912	['city hall']
3913	[]
3914	[]
3915	['history book']
3916	[]
3917	[]
3918	[]
3919	['village']
3920	['list']
3921	['fictional character']
3922	['politician']
3923	[]
3924	[]
3925	['May']
3926	[]
3927	['state school', 'prison']
3928	[]
3929	[]
3930	[]
3931	[]
3932	['road bridge']
3933	[]
3934	[]
3935	['historian']
3936	[]
3937	[]
3938	[]
3939	[]
3940	['military academy']
3941	['secondary school']
3942	['ice hockey team']
3943	[]
3944	['town']
3945	[]
3946	['school district']
3947	[]
3948	['basketball player']
3949	[]
3950	['television producer', 'screenwriter']
3951	[]
3952	[]
3953	['name']
3954	[]
3955	['town']
3956	[]
3957	['street']
3958	['railway station']
3959	[]
3960	[]
3961	['sprinter']
3962	[]
3963	[]
3964	[]
3965	['jazz drummer', 'percussionist']
3966	[]
3967	[]
3968	[]
3969	[]
3970	[]
3971	[]
3972	[]
3973	['village']
3974	[]
3975	['people']
3976	[]
3977	[]
3978	['racing driver']
3979	[]
3980	[]
3981	[]
3982	[]
3983	[]
3984	[]
3985	[]
3986	['politician']
3987	[]
3988	[]
3989	[]
3990	['family']
3991	[]
3992	[]
3993	['commercial building']
3994	[]
3995	[]
3996	['band']
3997	[]
3998	[]
3999	[]
4000	['photographer']
4001	[]
4002	['studio album']
4003	[]
4004	['village']
4005	[]
4006	['district']
4007	[]
4008	[]
4009	[]
4010	[]
4011	[]
4012	[]
4013	[]
4014	['record producer', 'rapper']
4015	[]
4016	['film']
4017	['sculpture']
4018	['high school']
4019	['village']
4020	['village']
4021	['village', 'former municipality']
4022	['chemical compound']
4023	['award']
4024	['district']
4025	[]
4026	[]
4027	['town']
4028	['rail trail']
4029	[]
4030	['beer']
4031	['window manager']
4032	['reality television']
4033	['village']
4034	[]
4035	[]
4036	[]
4037	[]
4038	[]
4039	['group']
4040	[]
4041	['town']
4042	['municipality']
4043	[]
4044	[]
4045	['album']
4046	[]
4047	['area']
4048	[]
4049	['community']
4050	[]
4051	[]
4052	[]
4053	[]
4054	['road']
4055	[]
4056	[]
4057	['painter', 'art']
4058	['village']
4059	['studio album']
4060	['fictional character']
4061	[]
4062	['association football club']
4063	[]
4064	[]
4065	[]
4066	['sprinter']
4067	[]
4068	['play']
4069	[]
4070	['professor']
4071	[]
4072	[]
4073	['politician']
4074	['optical telescope']
4075	[]
4076	['market']
4077	[]
4078	[]
4079	['rule']
4080	['poker player']
4081	['municipality']
4082	[]
4083	[]
4084	[]
4085	[]
4086	[]
4087	[]
4088	[]
4089	[]
4090	['album']
4091	[]
4092	['island', 'capital']
4093	['tribe']
4094	['stage', 'film']
4095	[]
4096	['head coach']
4097	['village']
4098	['word']
4099	['politician', 'psychiatrist']
4100	[]
4101	[]
4102	[]
4103	[]
4104	[]
4105	[]
4106	[]
4107	['martial artist']
4108	['handball player']
4109	[]
4110	['cricketer']
4111	[]
4112	[]
4113	[]
4114	['village']
4115	[]
4116	[]
4117	['junior college']
4118	[]
4119	['writer']
4120	[]
4121	['jazz guitarist']
4122	[]
4123	['political theorist', 'professor']
4124	[]
4125	[]
4126	[]
4127	['racing driver']
4128	[]
4129	[]
4130	[]
4131	[]
4132	['municipal district']
4133	[]
4134	['computer scientist']
4135	[]
4136	['municipality']
4137	[]
4138	['album']
4139	[]
4140	[]
4141	[]
4142	['cricketer']
4143	[]
4144	[]
4145	[]
4146	[]
4147	[]
4148	[]
4149	['rugby union player']
4150	[]
4151	[]
4152	[]
4153	['province']
4154	[]
4155	[]
4156	[]
4157	[]
4158	[]
4159	[]
4160	[]
4161	[]
4162	['list']
4163	['village']
4164	[]
4165	[]
4166	[]
4167	['town']
4168	[]
4169	['protein']
4170	[]
4171	[]
4172	['sprinter']
4173	[]
4174	[]
4175	['village']
4176	[]
4177	[]
4178	['village', 'municipality']
4179	['album']
4180	[]
4181	['documentary filmmaker']
4182	['game designer']
4183	[]
4184	[]
4185	['town']
4186	[]
4187	[]
4188	['basketball player']
4189	['submarine']
4190	[]
4191	[]
4192	[]
4193	['park']
4194	['historic district']
4195	[]
4196	[]
4197	['television film']
4198	[]
4199	[]
4200	['locality']
4201	[]
4202	[]
4203	['politician']
4204	[]
4205	[]
4206	['actor', 'magician']
4207	['painter']
4208	[]
4209	[]
4210	[]
4211	['noble family']
4212	[]
4213	['river']
4214	['song']
4215	['publisher']
4216	[]
4217	['village']
4218	[]
4219	['artist']
4220	[]
4221	[]
4222	['war memorial']
4223	[]
4224	[]
4225	[]
4226	[]
4227	['short film']
4228	[]
4229	[]
4230	[]
4231	[]
4232	[]
4233	[]
4234	[]
4235	['municipality']
4236	['municipality']
4237	[]
4238	[]
4239	['language']
4240	[]
4241	[]
4242	[]
4243	[]
4244	['village']
4245	[]
4246	[]
4247	[]
4248	['rugby union player']
4249	['historic house']
4250	[]
4251	[]
4252	['museum']
4253	[]
4254	['violinist']
4255	['municipality']
4256	['game']
4257	[]
4258	['actor', 'writer']
4259	[]
4260	['suburb']
4261	['gymnast']
4262	[]
4263	[]
4264	[]
4265	['television personality']
4266	[]
4267	[]
4268	[]
4269	['school']
4270	[]
4271	['radio station']
4272	['building']
4273	['neighborhood']
4274	[]
4275	['autobiography']
4276	['ice hockey player']
4277	['extended play']
4278	[]
4279	[]
4280	[]
4281	[]
4282	[]
4283	[]
4284	[]
4285	['musical']
4286	[]
4287	['road']
4288	[]
4289	['archaeological site']
4290	[]
4291	['locality']
4292	[]
4293	['suburb']
4294	[]
4295	[]
4296	[]
4297	[]
4298	['politician']
4299	['cricketer']
4300	['film']
4301	[]
4302	['model', 'reality television']
4303	['city', 'municipality']
4304	['song']
4305	[]
4306	[]
4307	[]
4308	[]
4309	['village']
4310	[]
4311	[]
4312	[]
4313	[]
4314	['community', 'event']
4315	['clan']
4316	[]
4317	[]
4318	['author', 'magazine']
4319	[]
4320	['tribe']
4321	[]
4322	['town', 'municipality']
4323	[]
4324	[]
4325	[]
4326	['community']
4327	['square']
4328	['mountain']
4329	['missile']
4330	['book']
4331	[]
4332	[]
4333	[]
4334	[]
4335	[]
4336	[]
4337	[]
4338	['bay']
4339	['hotel']
4340	[]
4341	[]
4342	[]
4343	[]
4344	[]
4345	[]
4346	['river']
4347	[]
4348	[]
4349	[]
4350	[]
4351	[]
4352	[]
4353	[]
4354	[]
4355	[]
4356	['rule']
4357	[]
4358	['square']
4359	[]
4360	[]
4361	[]
4362	[]
4363	['locality']
4364	[]
4365	['entrepreneur', 'business executive']
4366	[]
4367	[]
4368	['title']
4369	[]
4370	['singer']
4371	[]
4372	[]
4373	[]
4374	['organization', 'profession']
4375	[]
4376	['village']
4377	['play']
4378	[]
4379	['village']
4380	[]
4381	[]
4382	['park']
4383	['bobsledder']
4384	[]
4385	[]
4386	[]
4387	[]
4388	[]
4389	['village']
4390	[]
4391	['village']
4392	[]
4393	['municipality']
4394	['singer']
4395	['family']
4396	[]
4397	[]
4398	[]
4399	[]
4400	[]
4401	[]
4402	[]
4403	['school district']
4404	[]
4405	['alpine skier']
4406	[]
4407	[]
4408	[]
4409	[]
4410	[]
4411	['observatory']
4412	[]
4413	['town']
4414	['veterinarian']
4415	['executive']
4416	[]
4417	['short story']
4418	['village']
4419	['compilation album']
4420	[]
4421	[]
4422	[]
4423	[]
4424	['service']
4425	[]
4426	[]
4427	[]
4428	[]
4429	[]
4430	[]
4431	[]
4432	[]
4433	[]
4434	['sculptor']
4435	[]
4436	[]
4437	[]
4438	[]
4439	[]
4440	['play']
4441	[]
4442	['mountain']
4443	['village']
4444	['visual artist']
4445	[]
4446	[]
4447	[]
4448	[]
4449	['band']
4450	['academy']
4451	['compilation album']
4452	['squash player']
4453	['album']
4454	[]
4455	[]
4456	['television station']
4457	['art', 'practice']
4458	['song']
4459	[]
4460	[]
4461	['municipality']
4462	[]
4463	[]
4464	[]
4465	[]
4466	[]
4467	['singer']
4468	['film']
4469	[]
4470	[]
4471	[]
4472	[]
4473	[]
4474	['village']
4475	[]
4476	[]
4477	[]
4478	[]
4479	[]
4480	[]
4481	[]
4482	['professor']
4483	[]
4484	['album']
4485	['horse race']
4486	[]
4487	['lecturer']
4488	[]
4489	['wrestler']
4490	[]
4491	[]
4492	[]
4493	['artist']
4494	[]
4495	[]
4496	['manager']
4497	[]
4498	['philanthropist']
4499	['group']
4500	[]
4501	['rock']
4502	[]
4503	['photographer']
4504	[]
4505	['railway station']
4506	[]
4507	['politician']
4508	['computer scientist', 'professor']
4509	[]
4510	['book']
4511	[]
4512	['airport']
4513	['municipality']
4514	[]
4515	['short story']
4516	['mosque']
4517	[]
4518	['song']
4519	['name']
4520	[]
4521	[]
4522	['village']
4523	[]
4524	[]
4525	[]
4526	[]
4527	[]
4528	[]
4529	['play']
4530	[]
4531	[]
4532	['dressage rider']
4533	[]
4534	['district']
4535	[]
4536	[]
4537	[]
4538	[]
4539	[]
4540	[]
4541	['researcher']
4542	['lake']
4543	[]
4544	['mechanical engineer']
4545	[]
4546	[]
4547	['name']
4548	[]
4549	['hotel']
4550	[]
4551	[]
4552	[]
4553	[]
4554	['village']
4555	[]
4556	['title']
4557	[]
4558	[]
4559	['film']
4560	[]
4561	[]
4562	[]
4563	['album']
4564	['village']
4565	['pool player']
4566	[]
4567	[]
4568	['play']
4569	['historic district']
4570	[]
4571	[]
4572	['brand']
4573	['race']
4574	[]
4575	['athlete']
4576	[]
4577	[]
4578	[]
4579	[]
4580	['protein']
4581	['rowing club']
4582	[]
4583	['town']
4584	['athlete']
4585	['artist', 'community']
4586	[]
4587	[]
4588	[]
4589	['village']
4590	[]
4591	[]
4592	['lawyer']
4593	['play']
4594	['village']
4595	[]
4596	[]
4597	[]
4598	[]
4599	[]
4600	[]
4601	[]
4602	['municipality']
4603	[]
4604	[]
4605	['port']
4606	[]
4607	['village']
4608	[]
4609	[]
4610	[]
4611	[]
4612	[]
4613	[]
4614	[]
4615	[]
4616	['song']
4617	[]
4618	['archaeological site']
4619	['album']
4620	[]
4621	[]
4622	[]
4623	[]
4624	['studio album']
4625	['tumulus']
4626	[]
4627	['village']
4628	[]
4629	[]
4630	['group']
4631	[]
4632	[]
4633	['village']
4634	[]
4635	['political party']
4636	[]
4637	[]
4638	[]
4639	[]
4640	['district']
4641	[]
4642	['fish']
4643	[]
4644	['protein']
4645	[]
4646	[]
4647	[]
4648	[]
4649	['tennis player']
4650	['award']
4651	['actor', 'singer']
4652	['play']
4653	['journalist']
4654	[]
4655	['book']
4656	[]
4657	[]
4658	['song']
4659	[]
4660	[]
4661	['academic library']
4662	[]
4663	[]
4664	[]
4665	[]
4666	['play']
4667	[]
4668	['television series']
4669	[]
4670	['district']
4671	['competition']
4672	[]
4673	[]
4674	['poet', 'essayist']
4675	[]
4676	[]
4677	[]
4678	[]
4679	[]
4680	['album']
4681	['politician']
4682	['fencer']
4683	['book']
4684	[]
4685	[]
4686	[]
4687	[]
4688	[]
4689	['live album']
4690	[]
4691	[]
4692	[]
4693	['music artist', 'work']
4694	[]
4695	[]
4696	[]
4697	[]
4698	['radiographer']
4699	[]
4700	[]
4701	[]
4702	['shogi player']
4703	[]
4704	[]
4705	['film']
4706	['protein']
4707	[]
4708	[]
4709	[]
4710	[]
4711	[]
4712	[]
4713	['play']
4714	['boxer']
4715	[]
4716	['garden square']
4717	[]
4718	[]
4719	[]
4720	[]
4721	['high school']
4722	[]
4723	[]
4724	['locality']
4725	['railway station']
4726	['guaran√°']
4727	[]
4728	['studio album']
4729	['tributary']
4730	[]
4731	[]
4732	[]
4733	[]
4734	[]
4735	[]
4736	[]
4737	[]
4738	['village']
4739	[]
4740	[]
4741	['road']
4742	['waterfall']
4743	['ice hockey player']
4744	['composer']
4745	['language']
4746	['anthropologist']
4747	[]
4748	['village']
4749	[]
4750	[]
4751	[]
4752	['researcher']
4753	['studio album']
4754	[]
4755	['castle']
4756	['snowboarder']
4757	[]
4758	[]
4759	[]
4760	['school']
4761	[]
4762	[]
4763	['musician']
4764	[]
4765	[]
4766	[]
4767	[]
4768	[]
4769	['name']
4770	[]
4771	[]
4772	['song']
4773	[]
4774	[]
4775	['locality']
4776	[]
4777	[]
4778	[]
4779	['public university']
4780	['association']
4781	['bobsledder']
4782	['play']
4783	['village']
4784	['scientist']
4785	[]
4786	['album']
4787	[]
4788	[]
4789	[]
4790	[]
4791	['order']
4792	[]
4793	['list']
4794	[]
4795	['filmmaker']
4796	['wrestler']
4797	['village']
4798	[]
4799	['municipality']
4800	[]
4801	[]
4802	[]
4803	[]
4804	[]
4805	[]
4806	['visual artist']
4807	[]
4808	[]
4809	[]
4810	[]
4811	[]
4812	['family']
4813	[]
4814	[]
4815	['college']
4816	[]
4817	[]
4818	['shot putter']
4819	['Vega']
4820	[]
4821	['formation']
4822	['politician']
4823	['athlete']
4824	['album']
4825	[]
4826	[]
4827	[]
4828	['locality']
4829	[]
4830	['high school']
4831	[]
4832	[]
4833	[]
4834	[]
4835	['mountain']
4836	['village']
4837	['editorial cartoonist']
4838	[]
4839	[]
4840	[]
4841	['split']
4842	[]
4843	['swimmer']
4844	[]
4845	['private university']
4846	[]
4847	[]
4848	[]
4849	[]
4850	[]
4851	[]
4852	['song', 'country']
4853	['musician']
4854	[]
4855	['film producer']
4856	['village']
4857	[]
4858	['hamlet']
4859	['sculpture']
4860	[]
4861	[]
4862	[]
4863	[]
4864	['secondary school']
4865	['formation']
4866	[]
4867	[]
4868	['javelin thrower']
4869	[]
4870	[]
4871	[]
4872	['film']
4873	[]
4874	['poem']
4875	[]
4876	[]
4877	[]
4878	['airport']
4879	[]
4880	['river']
4881	['stream']
4882	['building']
4883	[]
4884	['professor']
4885	['performance artist', 'poet']
4886	[]
4887	['lake']
4888	['railway station']
4889	[]
4890	['village']
4891	[]
4892	[]
4893	['leader']
4894	['former municipality']
4895	['cricketer']
4896	[]
4897	[]
4898	['musician']
4899	['wrestler']
4900	['lawyer']
4901	[]
4902	['politician']
4903	[]
4904	[]
4905	['writer', 'journalist']
4906	['high school']
4907	[]
4908	['locality']
4909	['academic', 'author']
4910	['country']
4911	[]
4912	[]
4913	['country']
4914	['list']
4915	['film director', 'screenwriter']
4916	[]
4917	[]
4918	[]
4919	['lawyer', 'politician']
4920	[]
4921	['binary star']
4922	[]
4923	[]
4924	[]
4925	['civil parish']
4926	['secondary school']
4927	['village']
4928	['water polo player']
4929	[]
4930	[]
4931	[]
4932	[]
4933	['village']
4934	[]
4935	[]
4936	[]
4937	[]
4938	[]
4939	[]
4940	[]
4941	[]
4942	[]
4943	['voice actor']
4944	['album']
4945	['play']
4946	[]
4947	[]
4948	[]
4949	[]
4950	[]
4951	[]
4952	[]
4953	[]
4954	[]
4955	[]
4956	[]
4957	[]
4958	['aircraft']
4959	[]
4960	['village']
4961	[]
4962	[]
4963	['swimmer']
4964	[]
4965	[]
4966	[]
4967	[]
4968	[]
4969	['song']
4970	[]
4971	['municipality']
4972	[]
4973	['dam']
4974	[]
4975	['film producer']
4976	[]
4977	[]
4978	[]
4979	[]
4980	['school']
4981	['state forest']
4982	['municipal district']
4983	['photographer', 'video artist', 'work']
4984	['village']
4985	['studio album']
4986	[]
4987	[]
4988	['star']
4989	[]
4990	[]
4991	['historic site']
4992	[]
4993	['website', 'document']
4994	['ship']
4995	[]
4996	[]
4997	[]
4998	[]
4999	[]
5000	[]
5001	[]
5002	[]
5003	[]
5004	[]
5005	['protein']
5006	[]
5007	[]
5008	[]
5009	[]
5010	['linguist']
5011	['city']
5012	[]
5013	['magazine']
5014	[]
5015	['album', 'cellist']
5016	[]
5017	[]
5018	[]
5019	[]
5020	[]
5021	['open cluster']
5022	['boarding school', 'historic district']
5023	['flag']
5024	[]
5025	[]
5026	['binary star']
5027	[]
5028	[]
5029	[]
5030	[]
5031	[]
5032	[]
5033	['village']
5034	[]
5035	[]
5036	[]
5037	[]
5038	[]
5039	['cognitive scientist', 'professor']
5040	['ice hockey player']
5041	[]
5042	[]
5043	['cultivar']
5044	[]
5045	[]
5046	['film director', 'producer']
5047	[]
5048	[]
5049	['film']
5050	[]
5051	[]
5052	[]
5053	[]
5054	[]
5055	[]
5056	['radio station']
5057	['village']
5058	[]
5059	['boxer']
5060	[]
5061	[]
5062	[]
5063	['painting']
