Title, Named Entity, Frequency
"Selena Gomez", "Gomez", "183"
"Selena Gomez", "Selena Gomez", "87"
"Selena Gomez", "Billboard", "33"
"Selena Gomez", "first", "24"
"Selena Gomez", "second", "23"
"Selena Gomez", "Selena Gomez's", "21"
"Selena Gomez", "100", "20"
"Selena Gomez", "June 18, 2013", "20"
"Selena Gomez", "November 7, 2014", "18"
"Selena Gomez", "2009", "17"
"Selena Gomez", "June 15, 2013", "16"
"Selena Gomez", "Selena Gomez & Scene", "15"
"Selena Gomez", "2020", "15"
"Selena Gomez", "Disney Channel", "14"
"Selena Gomez", "Time", "14"
"Selena Gomez", "2019", "13"
"Selena Gomez", "Hollywood", "13"
"Selena Gomez", "2013", "13"
"Selena Gomez", "one", "11"
"Selena Gomez", "2014", "11"
"Selena Gomez", "124", "11"
"Selena Gomez", "2010", "10"
"Selena Gomez", "2016", "10"
"Selena Gomez", "Instagram", "10"
"Selena Gomez", "Variety", "10"
"Selena Gomez", "December 8, 2016", "10"
"Selena Gomez", "2011", "9"
"Selena Gomez", "2021", "8"
"Selena Gomez", "Texas", "8"
"Selena Gomez", "13", "8"
"Selena Gomez", "2015", "8"
"Selena Gomez", "2017", "8"
"Selena Gomez", "third", "8"
"Selena Gomez", "Trick", "8"
"Selena Gomez", "American Music Awards", "7"
"Selena Gomez", "New York", "7"
"Selena Gomez", "ten", "7"
"Selena Gomez", "Kiss & Tell", "7"
"Selena Gomez", "UNICEF", "7"
"Selena Gomez", "Los Angeles", "7"
"Selena Gomez", "1", "7"
"Selena Gomez", "Justin Bieber", "7"
"Selena Gomez", "Selena", "6"
"Selena Gomez", "two", "6"
"Selena Gomez", "United States", "6"
"Selena Gomez", "MTV", "6"
"Selena Gomez", "US", "6"
"Selena Gomez", "October 15, 2009", "6"
"Selena Gomez", "Metacritic", "6"
"Selena Gomez", "2012", "5"
"Selena Gomez", "The Fundamentals of Caring", "5"
"Selena Gomez", "three", "5"
"Selena Gomez", "Disney", "5"
"Selena Gomez", "Demi Lovato", "5"
"Selena Gomez", "2008", "5"
"Selena Gomez", "Hollywood Records", "5"
"Selena Gomez", "October 21, 2009", "5"
"Selena Gomez", "number one", "5"
"Selena Gomez", "October 22, 2009", "5"
"Selena Gomez", "August 12, 2015", "5"
"Selena Gomez", "October 9, 2015", "5"
"Selena Gomez", "Rolling Stone", "5"
"Selena Gomez", "EDM", "5"
"Selena Gomez", "American", "4"
"Selena Gomez", "Wizards of Waverly Place", "4"
"Selena Gomez", "Monte Carlo", "4"
"Selena Gomez", "Getaway", "4"
"Selena Gomez", "Netflix", "4"
"Selena Gomez", "Building", "4"
"Selena Gomez", "Billboard 200", "4"
"Selena Gomez", "26", "4"
"Selena Gomez", "The Heart Wants What It Wants", "4"
"Selena Gomez", "Gomez Biography", "4"
"Selena Gomez", "10", "4"
"Selena Gomez", "Los Angeles Times", "4"
"Selena Gomez", "YouTube", "4"
"Selena Gomez", "July 23, 2013", "4"
"Selena Gomez", "California", "4"
"Selena Gomez", "Lovato", "4"
"Selena Gomez", "New York City", "4"
"Selena Gomez", "Amazon", "4"
"Selena Gomez", "Burnin", "4"
"Selena Gomez", "Jonas Brothers", "4"
"Selena Gomez", "December 17, 2021", "4"
"Selena Gomez", "iTunes Store", "4"
"Selena Gomez", "Entertainment Weekly", "4"
"Selena Gomez", "October 22, 2020", "4"
"Selena Gomez", "Ryan Seacrest", "4"
"Selena Gomez", "July 22, 2013", "4"
"Selena Gomez", "February 5, 2014", "4"
"Selena Gomez", "five", "4"
"Selena Gomez", "9", "4"
"Selena Gomez", "January 17, 2017", "4"
"Selena Gomez", "Taylor Swift", "4"
"Selena Gomez", "Mike Wass", "4"
"Selena Gomez", "October 18, 2019", "4"
"Selena Gomez", "2018", "4"
"Selena Gomez", "August 6, 2009 >", "4"
"Selena Gomez", "Ghana", "4"
"Selena Gomez", "Vogue", "3"
"Selena Gomez", "22", "3"
"Selena Gomez", "U.S.", "3"
"Selena Gomez", "2002", "3"
"Selena Gomez", "July 22, 1992", "3"
"Selena Gomez", "Barney & Friends", "3"
"Selena Gomez", "Alex Russo", "3"
"Selena Gomez", "Spring Breakers", "3"
"Selena Gomez", "Mavis", "3"
"Selena Gomez", "HBO Max", "3"
"Selena Gomez", "Spanish", "3"
"Selena Gomez", "23", "3"
"Selena Gomez", "US Billboard", "3"
"Selena Gomez", "Charlie Puth", "3"
"Selena Gomez", "Lose You to Love Me", "3"
"Selena Gomez", "16", "3"
"Selena Gomez", "Mandy Teefey", "3"
"Selena Gomez", "Mexican", "3"
"Selena Gomez", "Guardian", "3"
"Selena Gomez", "Hollywood Life", "3"
"Selena Gomez", "The Suite Life of Zack & Cody", "3"
"Selena Gomez", "Hannah Montana", "3"
"Selena Gomez", "Nick Jonas", "3"
"Selena Gomez", "Thirteen", "3"
"Selena Gomez", "August 2009", "3"
"Selena Gomez", "June 19, 2010", "3"
"Selena Gomez", "Billboard 200 Billboard 200", "3"
"Selena Gomez", "RIAA", "3"
"Selena Gomez", "Hotel Transylvania", "3"
"Selena Gomez", "Stars Dance", "3"
"Selena Gomez", "its first week", "3"
"Selena Gomez", "Rehab", "3"
"Selena Gomez", "CNN", "3"
"Selena Gomez", "August 2014", "3"
"Selena Gomez", "Rotten Tomatoes", "3"
"Selena Gomez", "Selena Gomez '", "3"
"Selena Gomez", "Billboard Hot", "3"
"Selena Gomez", "Interscope Records", "3"
"Selena Gomez", "June 22, 2015", "3"
"Selena Gomez", "40", "3"
"Selena Gomez", "October 7, 2015", "3"
"Selena Gomez", "Revival", "3"
"Selena Gomez", "5", "3"
"Selena Gomez", "Revival Tour", "3"
"Selena Gomez", "Canadian", "3"
"Selena Gomez", "January 14, 2017", "3"
"Selena Gomez", "'13", "3"
"Selena Gomez", "MTV News", "3"
"Selena Gomez", "Deadline Hollywood", "3"
"Selena Gomez", "July 13, 2018", "3"
"Selena Gomez", "September 17, 2019", "3"
"Selena Gomez", "August 2021", "3"
"Selena Gomez", "DJ Snake", "3"
"Selena Gomez", "Camilo", "3"
"Selena Gomez", "AXS", "3"
"Selena Gomez", "Stars Dance'", "3"
"Selena Gomez", "Puma", "3"
"Selena Gomez", "Rare Beauty", "3"
"Selena Gomez", "Associated Press", "3"
"Selena Gomez", "March 18, 2022", "3"
"Selena Gomez", "Puerto Rico", "3"
"Selena Gomez", "February 21, 2022", "3"
"Selena Gomez", "October 31, 2017", "3"
"Selena Gomez", "January 2021", "2"
"Selena Gomez", "Grand Prairie", "2"
"Selena Gomez", "2007–2012", "2"
"Selena Gomez", "Princess Protection Program", "2"
"Selena Gomez", "Ramona and Beezus", "2"
"Selena Gomez", "A Rainy Day", "2"
"Selena Gomez", "2017–2020", "2"
"Selena Gomez", "Selena + Chef", "2"
"Selena Gomez", "Music", "2"
"Selena Gomez", "Rare", "2"
"Selena Gomez", "21", "2"
"Selena Gomez", "May 4, 2020", "2"
"Selena Gomez", "November 23, 2021", "2"
"Selena Gomez", "Come & Get", "2"
"Selena Gomez", "Same Old Love", "2"
"Selena Gomez", "May 6, 2020", "2"
"Selena Gomez", "Joel Gomez", "2"
"Selena Gomez", "May 10, 2018", "2"
"Selena Gomez", "May 24, 2020", "2"
"Selena Gomez", "Brian Teefey", "2"
"Selena Gomez", "Italian", "2"
"Selena Gomez", "Latina", "2"
"Selena Gomez", "April 8, 2013", "2"
"Selena Gomez", "11", "2"
"Selena Gomez", "Wonderful World", "2"
"Selena Gomez", "Gracie Elliot Teefey", "2"
"Selena Gomez", "June 14, 2013", "2"
"Selena Gomez", "Brian", "2"
"Selena Gomez", "Access Hollywood", "2"
"Selena Gomez", "June 30, 2011", "2"
"Selena Gomez", "Gardner", "2"
"Selena Gomez", "June 7, 2013", "2"
"Selena Gomez", "Daily News", "2"
"Selena Gomez", "Maria", "2"
"Selena Gomez", "3", "2"
"Selena Gomez", "2006", "2"
"Selena Gomez", "2007", "2"
"Selena Gomez", "Arwin", "2"
"Selena Gomez", "Numbers", "2"
"Selena Gomez", "July 23, 2008", "2"
"Selena Gomez", "Tinker Bell", "2"
"Selena Gomez", "July Moon Productions", "2"
"Selena Gomez", "Chance", "2"
"Selena Gomez", "June 2009", "2"
"Selena Gomez", "July 31, 2013", "2"
"Selena Gomez", "Arthur", "2"
"Selena Gomez", "Selena Gomez & The Scene", "2"
"Selena Gomez", "Michael  Slezak", "2"
"Selena Gomez", "September 23, 2009", "2"
"Selena Gomez", "Kiss & Tell'", "2"
"Selena Gomez", "Digital Spy", "2"
"Selena Gomez", "first week", "2"
"Selena Gomez", "7", "2"
"Selena Gomez", "About.com", "2"
"Selena Gomez", "December 31, 2009", "2"
"Selena Gomez", "Jocelyn", "2"
"Selena Gomez", "Reuters", "2"
"Selena Gomez", "A Year Without Rain", "2"
"Selena Gomez", "200", "2"
"Selena Gomez", "Bohemian", "2"
"Selena Gomez", "April 22, 2011", "2"
"Selena Gomez", "Monte Carlo'", "2"
"Selena Gomez", "May 7, 2010", "2"
"Selena Gomez", "First", "2"
"Selena Gomez", "November 3, 2013", "2"
"Selena Gomez", "July 14, 2011", "2"
"Selena Gomez", "Adrenalina", "2"
"Selena Gomez", "PopSugar", "2"
"Selena Gomez", "four seasons", "2"
"Selena Gomez", "The Wall Street Journal", "2"
"Selena Gomez", "March 11, 2013", "2"
"Selena Gomez", "Miley Cyrus", "2"
"Selena Gomez", "May 24, 2012", "2"
"Selena Gomez", "James Franco", "2"
"Selena Gomez", "August 29, 2013", "2"
"Selena Gomez", "December 31, 2014", "2"
"Selena Gomez", "27", "2"
"Selena Gomez", "August 14, 2013", "2"
"Selena Gomez", "Exclusive", "2"
"Selena Gomez", "July 26, 2013", "2"
"Selena Gomez", "Janet Jackson", "2"
"Selena Gomez", "September 3, 2015", "2"
"Selena Gomez", "North America", "2"
"Selena Gomez", "Asia", "2"
"Selena Gomez", "2 Weeks", "2"
"Selena Gomez", "PerezHilton.com", "2"
"Selena Gomez", "William H. Macy", "2"
"Selena Gomez", "Ford", "2"
"Selena Gomez", "July 19, 2015", "2"
"Selena Gomez", "I Want You to Know (Zedd song", "2"
"Selena Gomez", "fourth", "2"
"Selena Gomez", "June 27, 2015", "2"
"Selena Gomez", "Trust", "2"
"Selena Gomez", "Gary", "2"
"Selena Gomez", "September 14, 2015", "2"
"Selena Gomez", "Hotel", "2"
"Selena Gomez", "Jackie", "2"
"Selena Gomez", "October 15, 2015", "2"
"Selena Gomez", "Sendra", "2"
"Selena Gomez", "Tim", "2"
"Selena Gomez", "AllMusic", "2"
"Selena Gomez", "Second", "2"
"Selena Gomez", "October 18, 2015", "2"
"Selena Gomez", "January 11, 2016", "2"
"Selena Gomez", "June 1, 2016", "2"
"Selena Gomez", "The Big Short", "2"
"Selena Gomez", "January 24, 2016", "2"
"Selena Gomez", "August 31, 2016", "2"
"Selena Gomez", "Neighbors 2", "2"
"Selena Gomez", "June 17, 2016", "2"
"Selena Gomez", "June", "2"
"Selena Gomez", "Feel Me", "2"
"Selena Gomez", "Norwegian", "2"
"Selena Gomez", "December 29, 2016", "2"
"Selena Gomez", "EXCLUSIVE", "2"
"Selena Gomez", "Elle", "2"
"Selena Gomez", "May 3, 2017", "2"
"Selena Gomez", "May 5, 2017", "2"
"Selena Gomez", "May 18", "2"
"Selena Gomez", "Bad Liar", "2"
"Selena Gomez", "May 18, 2017", "2"
"Selena Gomez", "Fetish", "2"
"Selena Gomez", "June 14, 2017", "2"
"Selena Gomez", "Woody Allen", "2"
"Selena Gomez", "Rainy Day", "2"
"Selena Gomez", "October 25", "2"
"Selena Gomez", "October 25, 2017", "2"
"Selena Gomez", "Ozuna", "2"
"Selena Gomez", "That year", "2"
"Selena Gomez", "Jim Jarmusch's", "2"
"Selena Gomez", "Mia Galuppo", "2"
"Selena Gomez", "America", "2"
"Selena Gomez", "Revelación", "2"
"Selena Gomez", "October 23, 2019", "2"
"Selena Gomez", "October 24, 2019", "2"
"Selena Gomez", "15", "2"
"Selena Gomez", "19", "2"
"Selena Gomez", "October 18, 2020 >", "2"
"Selena Gomez", "Blackpink", "2"
"Selena Gomez", "September 2020", "2"
"Selena Gomez", "Silvia Vasquez Lavado", "2"
"Selena Gomez", "January 29, 2021", "2"
"Selena Gomez", "Selfish Love", "2"
"Selena Gomez", "999", "2"
"Selena Gomez", "NME", "2"
"Selena Gomez", "Electronic", "2"
"Selena Gomez", "Gomez & Scene", "2"
"Selena Gomez", "Voxxi", "2"
"Selena Gomez", "July 15, 2013", "2"
"Selena Gomez", "June 26, 2015", "2"
"Selena Gomez", "Erin", "2"
"Selena Gomez", "Christina Aguilera", "2"
"Selena Gomez", "Rihanna", "2"
"Selena Gomez", "Spears", "2"
"Selena Gomez", "Pantene", "2"
"Selena Gomez", "Sears", "2"
"Selena Gomez", "Kmart", "2"
"Selena Gomez", "Nicole", "2"
"Selena Gomez", "Coca Cola's", "2"
"Selena Gomez", "Keith  Caulfield", "2"
"Selena Gomez", "Coach", "2"
"Selena Gomez", "28", "2"
"Selena Gomez", "March 2021", "2"
"Selena Gomez", "Millie Bobby Brown", "2"
"Selena Gomez", "October 8, 2009", "2"
"Selena Gomez", "October 2, 2009", "2"
"Selena Gomez", "November 1, 2012", "2"
"Selena Gomez", "UNICEF USA", "2"
"Selena Gomez", "60th", "2"
"Selena Gomez", "Chile", "2"
"Selena Gomez", "August 21, 2011", "2"
"Selena Gomez", "Tonight", "2"
"Selena Gomez", "Congo", "2"
"Selena Gomez", "Ryan Seacrest Foundation", "2"
"Selena Gomez", "April 20, 2012", "2"
"Selena Gomez", "Kenya", "2"
"Selena Gomez", "September 11, 2020", "2"
"Selena Gomez", "May 2021", "2"
"Selena Gomez", "CBN News", "2"
"Selena Gomez", "August 13, 2018", "2"
"Selena Gomez", "Twitter", "2"
"Selena Gomez", "Stephanie", "2"
"Selena Gomez", "January 8, 2020", "2"
"Selena Gomez", "April 3, 2020", "2"
"Selena Gomez", "October 30, 2017", "2"
"Selena Gomez", "Girl Rising", "2"
"Selena Gomez", "Alex", "2"
"Selena Gomez", "30 500", "1"
"Selena Gomez", "English", "1"
"Selena Gomez", "December 2020", "1"
"Selena Gomez", "mdy", "1"
"Selena Gomez", "Marie Gomez", "1"
"Selena Gomez", "age 1992 7", "1"
"Selena Gomez", "Singer", "1"
"Selena Gomez", "Selena Gomez Full", "1"
"Selena Gomez", "WP", "1"
"Selena Gomez", "Walt Disney Records Walt Disney Hollywood Records", "1"
"Selena Gomez", "Marie Gomez'", "1"
"Selena Gomez", "s ə '", "1"
"Selena Gomez", "LEE nə", "1"
"Selena Gomez", "MOS BEGIN", "1"
"Selena Gomez", "MOS LEADBIO", "1"
"Selena Gomez", "2002–2004", "1"
"Selena Gomez", "her teenage years", "1"
"Selena Gomez", "Another Cinderella Story (2008", "1"
"Selena Gomez", "Hotel Transylvania Hotel Transylvania", "1"
"Selena Gomez", "2012–2022", "1"
"Selena Gomez", "Critics' Choice Television Award for Best Actress", "1"
"Selena Gomez", "a Comedy Series Best Actress", "1"
"Selena Gomez", "Comedy", "1"
"Selena Gomez", "11th Critics' Choice Television Awards Critics' Choice Television Awards", "1"
"Selena Gomez", "US Billboard 200 Billboard 200", "1"
"Selena Gomez", "Recording Industry Association of America", "1"
"Selena Gomez", "Revival (", "1"
"Selena Gomez", "2020)—each", "1"
"Selena Gomez", "EP Revelación", "1"
"Selena Gomez", "Grammy Award for Best Latin Pop Album", "1"
"Selena Gomez", "Melendez Miguel A.", "1"
"Selena Gomez", "Gomez Lands", "1"
"Selena Gomez", "Entertainment Tonight", "1"
"Selena Gomez", "over seven million", "1"
"Selena Gomez", "22 million", "1"
"Selena Gomez", "List", "1"
"Selena Gomez", "age 17", "1"
"Selena Gomez", "C.A.N.", "1"
"Selena Gomez", "USA", "1"
"Selena Gomez", "Selena Marie Gomez", "1"
"Selena Gomez", "April 12, 2013", "1"
"Selena Gomez", "Mandy Teefey Mehera Bonner", "1"
"Selena Gomez", "Cosmopolitan", "1"
"Selena Gomez", "May 10, 2020", "1"
"Selena Gomez", "ChuckIt", "1"
"Selena Gomez", "Chuck Barney", "1"
"Selena Gomez", "Oakland Tribune", "1"
"Selena Gomez", "February 7, 2008", "1"
"Selena Gomez", "May 14, 2013", "1"
"Selena Gomez", "Selena Selena Quintanilla", "1"
"Selena Gomez", "1995", "1"
"Selena Gomez", "August 22, 2008", "1"
"Selena Gomez", "November 5, 2009", "1"
"Selena Gomez", "December 1, 2009", "1"
"Selena Gomez", "Jessica Lucia", "1"
"Selena Gomez", "7, 2016", "1"
"Selena Gomez", "Latin Times", "1"
"Selena Gomez", "May 3, 2016", "1"
"Selena Gomez", "Jake T. Austin", "1"
"Selena Gomez", "latin date September 13, 2008", "1"
"Selena Gomez", "Showbizcafe.com", "1"
"Selena Gomez", "July 4, 2011", "1"
"Selena Gomez", "Curiel Kamren", "1"
"Selena Gomez", "Foster Care Fundraiser magazine", "1"
"Selena Gomez", "June 14, 2012", "1"
"Selena Gomez", "February 1", "1"
"Selena Gomez", "8, 2008", "1"
"Selena Gomez", "Mexico", "1"
"Selena Gomez", "half", "1"
"Selena Gomez", "Monterrey", "1"
"Selena Gomez", "1970s", "1"
"Selena Gomez", "Exposito Suzy", "1"
"Selena Gomez", "March 11", "1"
"Selena Gomez", "American Mexican", "1"
"Selena Gomez", "COVID 19", "1"
"Selena Gomez", "Define American", "1"
"Selena Gomez", "May 23, 2020", "1"
"Selena Gomez", "Catholic", "1"
"Selena Gomez", "Sundays", "1"
"Selena Gomez", "Spotlight  Selena Gomez", "1"
"Selena Gomez", "September 26, 2008", "1"
"Selena Gomez", "Scholastic Corporation Scholastic", "1"
"Selena Gomez", "June 20, 2010", "1"
"Selena Gomez", "February 15, 2018", "1"
"Selena Gomez", "age seven", "1"
"Selena Gomez", "five years old", "1"
"Selena Gomez", "July 14, 2013", "1"
"Selena Gomez", "London", "1"
"Selena Gomez", "Amanda", "1"
"Selena Gomez", "Natalie Finn", "1"
"Selena Gomez", "June 13, 2013", "1"
"Selena Gomez", "Mom Mandy", "1"
"Selena Gomez", "New Arrival", "1"
"Selena Gomez", "345663366762737665", "1"
"Selena Gomez", "June 12th", "1"
"Selena Gomez", "Gomez Selena", "1"
"Selena Gomez", "Marcus Gomez", "1"
"Selena Gomez", "Disneydreaming.com", "1"
"Selena Gomez", "October 18, 2014", "1"
"Selena Gomez", "23, 2015", "1"
"Selena Gomez", "May 2010", "1"
"Selena Gomez", "Screen & Off", "1"
"Selena Gomez", "Celebrity News,", "1"
"Selena Gomez", "Photos & Videos", "1"
"Selena Gomez", "May 12, 2010", "1"
"Selena Gomez", "November 17, 2010", "1"
"Selena Gomez", "May 15, 2010", "1"
"Selena Gomez", "16 years old", "1"
"Selena Gomez", "Melas", "1"
"Selena Gomez", "July 12, 2018", "1"
"Selena Gomez", "Chris", "1"
"Selena Gomez", "MSN", "1"
"Selena Gomez", "Selena Gomez Talks Parents'", "1"
"Selena Gomez", "October 16, 2015", "1"
"Selena Gomez", "28, 2017", "1"
"Selena Gomez", "Rivera", "1"
"Selena Gomez", "May 17, 2013", "1"
"Selena Gomez", "Huffington Post", "1"
"Selena Gomez", "March 13, 2015 date April 18, 2013 > Both", "1"
"Selena Gomez", "Takeda  Allison", "1"
"Selena Gomez", "US Weekly", "1"
"Selena Gomez", "May 16, 2013", "1"
"Selena Gomez", "July 22, 2009", "1"
"Selena Gomez", "September 13, 2009", "1"
"Selena Gomez", "Gianna", "1"
"Selena Gomez", "Bryson", "1"
"Selena Gomez", "Carey", "1"
"Selena Gomez", "Selena Gomez – Bio", "1"
"Selena Gomez", "Barney", "1"
"Selena Gomez", "thirteen", "1"
"Selena Gomez", "between 2002 and 2004", "1"
"Selena Gomez", "2003", "1"
"Selena Gomez", "Walker", "1"
"Selena Gomez", "Texas Ranger", "1"
"Selena Gomez", "2005", "1"
"Selena Gomez", "July 28, 2011", "1"
"Selena Gomez", "List of The Suite Life of Zack & Cody episodes#ep48", "1"
"Selena Gomez", "The Suite Life of Zack & Cody network", "1"
"Selena Gomez", "August 11, 2006 season", "1"
"Selena Gomez", "2", "1"
"Selena Gomez", "22 minutes 08 04", "1"
"Selena Gomez", "22 04", "1"
"Selena Gomez", "May 20, 2013", "1"
"Selena Gomez", "Suite Life", "1"
"Selena Gomez", "December 13, 2007", "1"
"Selena Gomez", "September 21, 2013", "1"
"Selena Gomez", "Lizzie McGuire", "1"
"Selena Gomez", "Stevie Sanchez", "1"
"Selena Gomez", "August 3, 2018 >", "1"
"Selena Gomez", "people1"/> Gomez", "1"
"Selena Gomez", "Wizard", "1"
"Selena Gomez", "June 15, 2013 date October 11, 2007", "1"
"Selena Gomez", "Robert", "1"
"Selena Gomez", "October 1, 2012", "1"
"Selena Gomez", "September 27, 2012", "1"
"Selena Gomez", "January 8, 2010", "1"
"Selena Gomez", "29th", "1"
"Selena Gomez", "Youngartistawards.org", "1"
"Selena Gomez", "July 6, 2008", "1"
"Selena Gomez", "Jonas Brothers'", "1"
"Selena Gomez", "Hollywood Style Awards", "1"
"Selena Gomez", "Beverly Hills", "1"
"Selena Gomez", "Studio DC", "1"
"Selena Gomez", "Selena Gomez & Demi Lovato – Studio DC Almost Live – Demi Lovato", "1"
"Selena Gomez", "July 17, 2010", "1"
"Selena Gomez", "One Hundred and One", "1"
"Selena Gomez", "Dalmatians", "1"
"Selena Gomez", "DisneyMania", "1"
"Selena Gomez", "6", "1"
"Selena Gomez", "Fly to Your Heart", "1"
"Selena Gomez", "Mary Santiago", "1"
"Selena Gomez", "Another Cinderella Story", "1"
"Selena Gomez", "2004", "1"
"Selena Gomez", "Hilary Duff", "1"
"Selena Gomez", "Chad Michael Murray", "1"
"Selena Gomez", "Tell Me Something I Don't Know (Selena Gomez song) Tell Me Something I Don't Know", "1"
"Selena Gomez", "Discogs", "1"
"Selena Gomez", "February 22, 2016 >", "1"
"Selena Gomez", "Helga", "1"
"Selena Gomez", "Horton Hears a", "1"
"Selena Gomez", "March 24, 2008", "1"
"Selena Gomez", "September 27, 2013", "1"
"Selena Gomez", "Seuss", "1"
"Selena Gomez", "Box Office Mojo", "1"
"Selena Gomez", "age 16", "1"
"Selena Gomez", "Supersweet 16", "1"
"Selena Gomez", "July 22, 2008", "1"
"Selena Gomez", "October 29, 2014", "1"
"Selena Gomez", "varietydeal"/> She", "1"
"Selena Gomez", "XYZ Films", "1"
"Selena Gomez", "Variety Tatianna Siegel", "1"
"Selena Gomez", "October 29, 2008", "1"
"Selena Gomez", "Joyce Eng", "1"
"Selena Gomez", "October 30, 2008", "1"
"Selena Gomez", "What Boys Want", "1"
"Selena Gomez", "October 20, 2009", "1"
"Selena Gomez", "December 30, 2012", "1"
"Selena Gomez", "13Reasons"/", "1"
"Selena Gomez", "The Suite Life on Deck", "1"
"Selena Gomez", "Inside Pulse", "1"
"Selena Gomez", "Disney series Sonny", "1"
"Selena Gomez", "Forever Sickest", "1"
"Selena Gomez", "Whoa Oh!", "1"
"Selena Gomez", "April", "1"
"Selena Gomez", "Variety  date June 26, 2009", "1"
"Selena Gomez", "Tweens 9–14", "1"
"Selena Gomez", "One and Same", "1"
"Selena Gomez", "Revenge of Maltazard", "1"
"Selena Gomez", "Invisibles 2  Arthur and Revenge of Maltazard  Freddie Highmore", "1"
"Selena Gomez", "Mia Farrow", "1"
"Selena Gomez", "Snoop Dogg", "1"
"Selena Gomez", "Movie", "1"
"Selena Gomez", "July 12, 2009", "1"
"Selena Gomez", "13, 2010", "1"
"Selena Gomez", "11.4&nbsp;million", "1"
"Selena Gomez", "year", "1"
"Selena Gomez", "Disney Channel's", "1"
"Selena Gomez", "Tvbythenumbers.com", "1"
"Selena Gomez", "February 4, 2011", "1"
"Selena Gomez", "Outstanding Children's Program", "1"
"Selena Gomez", "62nd", "1"
"Selena Gomez", "July 8, 2010 date July 8, 2010", "1"
"Selena Gomez", "December", "1"
"Selena Gomez", "KIIS FM KISS FM", "1"
"Selena Gomez", "September 28, 2009", "1"
"Selena Gomez", "June 18", "1"
"Selena Gomez", "Newsroom.mtv", "1"
"Selena Gomez", "Six", "1"
"Selena Gomez", "MTV Newsroom", "1"
"Selena Gomez", "MTV  date", "1"
"Selena Gomez", "August 13, 2009", "1"
"Selena Gomez", "March 14, 2010", "1"
"Selena Gomez", "September 8, 2011", "1"
"Selena Gomez", "September 29, 2009", "1"
"Selena Gomez", "Gomez Kiss & Tell", "1"
"Selena Gomez", "Nochelatina.com", "1"
"Selena Gomez", "November 12, 2014", "1"
"Selena Gomez", "April 19, 2010", "1"
"Selena Gomez", "number nine", "1"
"Selena Gomez", "66,000", "1"
"Selena Gomez", "CHART", "1"
"Selena Gomez", "Caulfield Keith", "1"
"Selena Gomez", "Monica  title", "1"
"Selena Gomez", "Ninth", "1"
"Selena Gomez", "October 7, 2009", "1"
"Selena Gomez", "nochelatina1"/> >", "1"
"Selena Gomez", "Kiss & Tell &", "1"
"Selena Gomez", "Selena Gomez & The Scene – Kiss & Tell – Reviews", "1"
"Selena Gomez", "Falling Down", "1"
"Selena Gomez", "September 5", "1"
"Selena Gomez", "Bill Lamb", "1"
"Selena Gomez", "Controls Hot 100 Summit", "1"
"Selena Gomez", "Billboard Naturally">[BillboardURLbyName", "1"
"Selena Gomez", "gomez & scene chart", "1"
"Selena Gomez", "January 21, 2010", "1"
"Selena Gomez", "Joey King", "1"
"Selena Gomez", "Ramona", "1"
"Selena Gomez", "Beverly Cleary", "1"
"Selena Gomez", "Vena", "1"
"Selena Gomez", "Ramona and Beezus' Movie", "1"
"Selena Gomez", "February 6, 2009", "1"
"Selena Gomez", "kilday", "1"
"Selena Gomez", "Gregg", "1"
"Selena Gomez", "'Beezus and Ramona'", "1"
"Selena Gomez", "February 5, 2009", "1"
"Selena Gomez", "Lylah M. Alphonse", "1"
"Selena Gomez", "Ramona and Beezus'", "1"
"Selena Gomez", "The Boston Globe", "1"
"Selena Gomez", "February 23, 2011", "1"
"Selena Gomez", "July 16, 2010", "1"
"Selena Gomez", "July 23, 2010", "1"
"Selena Gomez", "Rottentomatoes.com", "1"
"Selena Gomez", "August 2, 2010 >", "1"
"Selena Gomez", "that same year", "1"
"Selena Gomez", "September 21, 2010", "1"
"Selena Gomez", "September 29, 2010", "1"
"Selena Gomez", "February 19, 2015", "1"
"Selena Gomez", "number four", "1"
"Selena Gomez", "over 66,000", "1"
"Selena Gomez", "billboard.com"/>", "1"
"Selena Gomez", "Stewart", "1"
"Selena Gomez", "The Washington Post", "1"
"Selena Gomez", "September 21, 2009", "1"
"Selena Gomez", "May 11, 2012", "1"
"Selena Gomez", "Round & Round&nbsp", "1"
"Selena Gomez", "June 22, 2010", "1"
"Selena Gomez", "June 30, 2010", "1"
"Selena Gomez", "June 26, 2010", "1"
"Selena Gomez", "US Digital", "1"
"Selena Gomez", "September 7, 2010", "1"
"Selena Gomez", "September 16, 2010", "1"
"Selena Gomez", "September 10, 2010", "1"
"Selena Gomez", "Lauren Joskowitz", "1"
"Selena Gomez", "19, 2009", "1"
"Selena Gomez", "11, 2010", "1"
"Selena Gomez", "fall 2010", "1"
"Selena Gomez", "MacIntyre", "1"
"Selena Gomez", "Monsters and Critics MonsterandCritics.com", "1"
"Selena Gomez", "October 31, 2009", "1"
"Selena Gomez", "Tony Melillo", "1"
"Selena Gomez", "Sandra Campos", "1"
"Selena Gomez", "Adjmi Apparel", "1"
"Selena Gomez", "Adjmi CH Brands", "1"
"Selena Gomez", "Wear Daily", "1"
"Selena Gomez", "Disney Star Selena Gomez Launching Fashion", "1"
"Selena Gomez", "Julee Kaplan", "1"
"Selena Gomez", "October 25, 2009", "1"
"Selena Gomez", "Grace", "1"
"Selena Gomez", "Paris", "1"
"Selena Gomez", "Rebecca Murray", "1"
"Selena Gomez", "Carlo", "1"
"Selena Gomez", "First Photo", "1"
"Selena Gomez", "17", "1"
"Selena Gomez", "British", "1"
"Selena Gomez", "Budapest", "1"
"Selena Gomez", "Zimbio", "1"
"Selena Gomez", "May 9, 2010", "1"
"Selena Gomez", "22, 2011", "1"
"Selena Gomez", "Jayme Deerwester", "1"
"Selena Gomez", "USA Today", "1"
"Selena Gomez", "Earl", "1"
"Selena Gomez", "William", "1"
"Selena Gomez", "Cameo In 'The Muppets'", "1"
"Selena Gomez", "November 18, 2011", "1"
"Selena Gomez", "PrankStars", "1"
"Selena Gomez", "Selena Gomez Pranks Fan", "1"
"Selena Gomez", "July 13, 2011", "1"
"Selena Gomez", "September 22, 2013", "1"
"Selena Gomez", "same year", "1"
"Selena Gomez", "December 1, 2011", "1"
"Selena Gomez", "Phil Gallo", "1"
"Selena Gomez", "June 10, 2011", "1"
"Selena Gomez", "June 17,", "1"
"Selena Gomez", "Billboard Gary Trust", "1"
"Selena Gomez", "July 5, 2013", "1"
"Selena Gomez", "RIAA Platinum", "1"
"Selena Gomez", "Gold & Platinum", "1"
"Selena Gomez", "25, 2013", "1"
"Selena Gomez", "July 7, 2011", "1"
"Selena Gomez", "Ilia Lekach", "1"
"Selena Gomez", "Adrenalina Inc.", "1"
"Selena Gomez", "Signs Exclusive Global Fragrance Agreement", "1"
"Selena Gomez", "July 18, 2011", "1"
"Selena Gomez", "July 17, 2011", "1"
"Selena Gomez", "May 2012", "1"
"Selena Gomez", "Macy", "1"
"Selena Gomez", "June 11, 2012", "1"
"Selena Gomez", "November 6, 2011", "1"
"Selena Gomez", "MTV Europe Music Awards", "1"
"Selena Gomez", "Belfast", "1"
"Selena Gomez", "Northern Ireland", "1"
"Selena Gomez", "Katie Henry", "1"
"Selena Gomez", "Justin", "1"
"Selena Gomez", "Coldplay", "1"
"Selena Gomez", "November 7, 2011", "1"
"Selena Gomez", "January 2012", "1"
"Selena Gomez", "Johnson", "1"
"Selena Gomez", "US Magazine", "1"
"Selena Gomez", "August 27, 2012", "1"
"Selena Gomez", "February 13, 2012", "1"
"Selena Gomez", "April 17, 2012", "1"
"Selena Gomez", "John  Christopher", "1"
"Selena Gomez", "Banov", "1"
"Selena Gomez", "Jessica", "1"
"Selena Gomez", "January 8, 2012", "1"
"Selena Gomez", "January 6, 2012", "1"
"Selena Gomez", "Finke", "1"
"Selena Gomez", "Release Dates", "1"
"Selena Gomez", "Sony Pics Sked", "1"
"Selena Gomez", "Deadline", "1"
"Selena Gomez", "Toronto International Film Festival 37th", "1"
"Selena Gomez", "annual", "1"
"Selena Gomez", "Toronto International Film Festival", "1"
"Selena Gomez", "September 28, 2012", "1"
"Selena Gomez", "Tatangelo  Wade", "1"
"Selena Gomez", "next week", "1"
"Selena Gomez", "Sarasota", "1"
"Selena Gomez", "Bradenton.com  date March 2, 2012", "1"
"Selena Gomez", "April 7, 2012", "1"
"Selena Gomez", "December 26, 2013", "1"
"Selena Gomez", "Biggest Box Office Bombs", "1"
"Selena Gomez", "January 6, 2014", "1"
"Selena Gomez", "Reviews", "1"
"Selena Gomez", "Worst Actress", "1"
"Selena Gomez", "34th Golden Raspberry Awards", "1"
"Selena Gomez", "34th", "1"
"Selena Gomez", "Annual", "1"
"Selena Gomez", "January 16, 2014", "1"
"Selena Gomez", "October 2012", "1"
"Selena Gomez", "Soundcloud.com", "1"
"Selena Gomez", "Popcrush.com", "1"
"Selena Gomez", "Fuse.tv  date", "1"
"Selena Gomez", "Robin Thicke Reaches Top", "1"
"Selena Gomez", "10 &#", "1"
"Selena Gomez", "KissFM", "1"
"Selena Gomez", "97.7", "1"
"Selena Gomez", "27, 2014", "1"
"Selena Gomez", "Billboard Hot 100", "1"
"Selena Gomez", "Highlights  Selena Gomez 'Get's", "1"
"Selena Gomez", "Dance/Club Play Songs", "1"
"Selena Gomez", "Slow Down", "1"
"Selena Gomez", "Gomez Slow Down Chart History", "1"
"Selena Gomez", "April 25, 2019", "1"
"Selena Gomez", "97,000", "1"
"Selena Gomez", "Gomez Knocks", "1"
"Selena Gomez", "Keith", "1"
"Selena Gomez", "Selena Gomez Gets First", "1"
"Selena Gomez", "125", "1"
"Selena Gomez", "43", "1"
"Selena Gomez", "weeks", "1"
"Selena Gomez", "Charts", "1"
"Selena Gomez", "Robin Thicke Hits Top With Topless Hit", "1"
"Selena Gomez", "August 7, 2013", "1"
"Selena Gomez", "Aug. 11, 2013", "1"
"Selena Gomez", "The Civil Wars", "1"
"Selena Gomez", "Gerrick D. Kennedy", "1"
"Selena Gomez", "Icon", "1"
"Selena Gomez", "November 14, 2013", "1"
"Selena Gomez", "November 15, 2013", "1"
"Selena Gomez", "Track By Track Review", "1"
"Selena Gomez", "December 12, 2013", "1"
"Selena Gomez", "Stars Dance' Review  Selena Gomez's", "1"
"Selena Gomez", "The Huffington Post", "1"
"Selena Gomez", "Murray Michael", "1"
"Selena Gomez", "Seacrest", "1"
"Selena Gomez", "April 15, 2013", "1"
"Selena Gomez", "2015 9", "1"
"Selena Gomez", "392,000", "1"
"Selena Gomez", "Hits Daily Double", "1"
"Selena Gomez", "Daily Double", "1"
"Selena Gomez", "August 19, 2015", "1"
"Selena Gomez", "Stars Dance Tour", "1"
"Selena Gomez", "Europe", "1"
"Selena Gomez", "Australian", "1"
"Selena Gomez", "Asian", "1"
"Selena Gomez", "December 2013", "1"
"Selena Gomez", "Selena Gomez Cancels Tour", "1"
"Selena Gomez", "Australia", "1"
"Selena Gomez", "December 20, 2013 >", "1"
"Selena Gomez", "January 2014", "1"
"Selena Gomez", "two weeks", "1"
"Selena Gomez", "Meadows", "1"
"Selena Gomez", "Wickenburg", "1"
"Selena Gomez", "Arizona", "1"
"Selena Gomez", "Health", "1"
"Selena Gomez", "People.com", "1"
"Selena Gomez", "November 7, 2014 archive date March 26, 2017", "1"
"Selena Gomez", "Two Weeks", "1"
"Selena Gomez", "Laura Stampler", "1"
"Selena Gomez", "Michelle", "1"
"Selena Gomez", "Corriston", "1"
"Selena Gomez", "Jordan", "1"
"Selena Gomez", "October 11, 2015", "1"
"Selena Gomez", "Behaving Badly", "1"
"Selena Gomez", "Dylan McDermott", "1"
"Selena Gomez", "Nat Wolff", "1"
"Selena Gomez", "Tatiana Siegel", "1"
"Selena Gomez", "July 31, 2012", "1"
"Selena Gomez", "Zero", "1"
"Selena Gomez", "Roger Ebert", "1"
"Selena Gomez", "June 14, 2014", "1"
"Selena Gomez", "August 3, 2014", "1"
"Selena Gomez", "Billy Crudup", "1"
"Selena Gomez", "Anton Yelchin", "1"
"Selena Gomez", "April 1, 2013", "1"
"Selena Gomez", "April 18, 2013", "1"
"Selena Gomez", "McDonnell", "1"
"Selena Gomez", "Sunday", "1"
"Selena Gomez", "Oklahoma", "1"
"Selena Gomez", "28, 2013 date April 19, 2013", "1"
"Selena Gomez", "November 7, 2014 archive date", "1"
"Selena Gomez", "August 17, 2017", "1"
"Selena Gomez", "15, 2014", "1"
"Selena Gomez", "April of that year", "1"
"Selena Gomez", "WME", "1"
"Selena Gomez", "Brillstein", "1"
"Selena Gomez", "Belfast Telegraph", "1"
"Selena Gomez", "November 7, 2014 date April 18, 2014", "1"
"Selena Gomez", "November 17, 2014", "1"
"Selena Gomez", "November 6", "1"
"Selena Gomez", "months", "1"
"Selena Gomez", "Lipshutz", "1"
"Selena Gomez", "Exit and a Thawing 'Frozen", "1"
"Selena Gomez", "Disney Headed", "1"
"Selena Gomez", "July 22, 2015 date October 24, 2014", "1"
"Selena Gomez", "over one million", "1"
"Selena Gomez", "November 24", "1"
"Selena Gomez", "Stutz", "1"
"Selena Gomez", "Colin", "1"
"Selena Gomez", "Three", "1"
"Selena Gomez", "July 22, 2015 date November 22, 2014", "1"
"Selena Gomez", "35,506", "1"
"Selena Gomez", "twenty four", "1"
"Selena Gomez", "Rumor Mill", "1"
"Selena Gomez", "HitsDaily Double", "1"
"Selena Gomez", "November 27, 2014", "1"
"Selena Gomez", "December 2014", "1"
"Selena Gomez", "Peters", "1"
"Selena Gomez", "Mitchell", "1"
"Selena Gomez", "June 22, 2015 date December 14, 2014", "1"
"Selena Gomez", "February 23, 2015", "1"
"Selena Gomez", "Zedd & Selena", "1"
"Selena Gomez", "July 22, 2015 date February 13, 2015", "1"
"Selena Gomez", "twenty", "1"
"Selena Gomez", "Digital", "1"
"Selena Gomez", "Newswire", "1"
"Selena Gomez", "179,000", "1"
"Selena Gomez", "Selena Gomez Debuts", "1"
"Selena Gomez", "July 1, 2015", "1"
"Selena Gomez", "July 2, 2015", "1"
"Selena Gomez", "Mainstream", "1"
"Selena Gomez", "Popsongs", "1"
"Selena Gomez", "Radio Songs", "1"
"Selena Gomez", "May 12, 2016", "1"
"Selena Gomez", "August 2015", "1"
"Selena Gomez", "Aug. 12 Release", "1"
"Selena Gomez", "April 22, 2015", "1"
"Selena Gomez", "September 25", "1"
"Selena Gomez", "Gallagher", "1"
"Selena Gomez", "Brian Gallagher", "1"
"Selena Gomez", "Hotel Transylvania 2' Confirmed", "1"
"Selena Gomez", "September 2015", "1"
"Selena Gomez", "22, 2015 date", "1"
"Selena Gomez", "November 9, 2012", "1"
"Selena Gomez", "Today", "1"
"Selena Gomez", "The Today Show", "1"
"Selena Gomez", "July 23, 2015", "1"
"Selena Gomez", "July 21, 2015", "1"
"Selena Gomez", "Spanos", "1"
"Selena Gomez", "Elysa", "1"
"Selena Gomez", "117,000", "1"
"Selena Gomez", "Gomez Revival Billboard", "1"
"Selena Gomez", "Gomez Revival Billboard 200", "1"
"Selena Gomez", "November 12, 2015", "1"
"Selena Gomez", "Chart Moves", "1"
"Selena Gomez", "Michael Jackson's", "1"
"Selena Gomez", "Thriller' Rises After Halloween", "1"
"Selena Gomez", "December 19, 2015", "1"
"Selena Gomez", "Same Old Love'", "1"
"Selena Gomez", "number five", "1"
"Selena Gomez", "hot100", "1"
"Selena Gomez", "Selena Gomez – Chart History", "1"
"Selena Gomez", "Mainstream Top 40", "1"
"Selena Gomez", "Hands To Myself" Becomes Selena Gomez' Third Straight Pop Radio #1", "1"
"Selena Gomez", "April 3, 2016", "1"
"Selena Gomez", "April 4, 2016", "1"
"Selena Gomez", "Gary > Gomez", "1"
"Selena Gomez", "McKay", "1"
"Selena Gomez", "December 11", "1"
"Selena Gomez", "Paramount Pictures", "1"
"Selena Gomez", "Brad Pitt", "1"
"Selena Gomez", "Steve Carell", "1"
"Selena Gomez", "Battle Banks", "1"
"Selena Gomez", "Blistein Jon", "1"
"Selena Gomez", "September 22, 2015", "1"
"Selena Gomez", "January 23, 2016", "1"
"Selena Gomez", "Saturday Night Live", "1"
"Selena Gomez", "Ronda Rousey", "1"
"Selena Gomez", "May 6", "1"
"Selena Gomez", "Ashagre", "1"
"Selena Gomez", "Aggi", "1"
"Selena Gomez", "November 17, 2015", "1"
"Selena Gomez", "Oceania", "1"
"Selena Gomez", "European", "1"
"Selena Gomez", "South America", "1"
"Selena Gomez", "August 2016", "1"
"Selena Gomez", "September 1, 2016", "1"
"Selena Gomez", "Gomez Joins", "1"
"Selena Gomez", "We Don't Talk Anymore", "1"
"Selena Gomez", "Puth", "1"
"Selena Gomez", "Puth – Chart", "1"
"Selena Gomez", "Ge", "1"
"Selena Gomez", "Linda", "1"
"Selena Gomez", "Paul Rudd", "1"
"Selena Gomez", "July 22, 2015 date January 13, 2015", "1"
"Selena Gomez", "Sundance Film Festival", "1"
"Selena Gomez", "January 29", "1"
"Selena Gomez", "Weekly date April 1, 2016", "1"
"Selena Gomez", "June 24", "1"
"Selena Gomez", "June 25, 2016", "1"
"Selena Gomez", "Dubious Battle", "1"
"Selena Gomez", "September 3, 2016", "1"
"Selena Gomez", "January 30, 2015", "1"
"Selena Gomez", "Renner", "1"
"Selena Gomez", "Eric", "1"
"Selena Gomez", "opening night", "1"
"Selena Gomez", "May 9, 2016", "1"
"Selena Gomez", "nine months", "1"
"Selena Gomez", "Selena Gomez Music Alert", "1"
"Selena Gomez", "The Studio Version Of 'Feel Me'", "1"
"Selena Gomez", "January 14", "1"
"Selena Gomez", "November 2017", "1"
"Selena Gomez", "Rfl0216", "1"
"Selena Gomez", "Tory", "1"
"Selena Gomez", "Trust Nobody", "1"
"Selena Gomez", "Cashmere Cat", "1"
"Selena Gomez", "September 2016", "1"
"Selena Gomez", "New Song", "1"
"Selena Gomez", "October 23, 2018", "1"
"Selena Gomez", "Dana Rose", "1"
"Selena Gomez", "Tour Break", "1"
"Selena Gomez", "Focus on Her Mental Health'", "1"
"Selena Gomez", "U.S. Magazine", "1"
"Selena Gomez", "October 12, 2016", "1"
"Selena Gomez", "2016 2016", "1"
"Selena Gomez", "Vanity Fair", "1"
"Selena Gomez", "November 20, 2016", "1"
"Selena Gomez", "December 1, 2016", "1"
"Selena Gomez", "February 4, 2017", "1"
"Selena Gomez", "The World", "1"
"Selena Gomez", "5, 2017", "1"
"Selena Gomez", "Five days later", "1"
"Selena Gomez", "It Ain't Me" Music Video With Kygo", "1"
"Selena Gomez", "Kygo", "1"
"Selena Gomez", "It Ain't Me", "1"
"Selena Gomez", "one week later", "1"
"Selena Gomez", "February 16", "1"
"Selena Gomez", "GOMEZ & KYGO'S", "1"
"Selena Gomez", "IT AIN'T ME" PREMIERES THURSDAY", "1"
"Selena Gomez", "FEBRUARY 16", "1"
"Selena Gomez", "May 4, 2017", "1"
"Selena Gomez", "American Music Awards.png", "1"
"Selena Gomez", "13Reasons", "1"
"Selena Gomez", "Adapting", "1"
"Selena Gomez", "January 25, 2017", "1"
"Selena Gomez", "New Netflix Series", "1"
"Selena Gomez", "March 31, 2017", "1"
"Selena Gomez", "Reasons", "1"
"Selena Gomez", "Jay Asher", "1"
"Selena Gomez", "Luke Britton", "1"
"Selena Gomez", "April 28, 2017 >", "1"
"Selena Gomez", "Futuristics", "1"
"Selena Gomez", "Jonas Jeberg", "1"
"Selena Gomez", "Nick Jonas Reaction", "1"
"Selena Gomez", "Selena Gomez Album Post", "1"
"Selena Gomez", "Elle Alyssa Bailey", "1"
"Selena Gomez", "December 16, 2017", "1"
"Selena Gomez", "Ryan Tedder", "1"
"Selena Gomez", "Ryan Tedder On Working", "1"
"Selena Gomez", "Camila Cabello & Selena", "1"
"Selena Gomez", "Goose Bumpy", "1"
"Selena Gomez", "Julia Michaels", "1"
"Selena Gomez", "Justin Tranter", "1"
"Selena Gomez", "The Magical New Song", "1"
"Selena Gomez", "Studio", "1"
"Selena Gomez", "Jacob Kasher", "1"
"Selena Gomez", "March 14, 2017", "1"
"Selena Gomez", "SCOOP", "1"
"Selena Gomez", "Z100FM", "1"
"Selena Gomez", "Mo", "1"
"Selena Gomez", "May 3", "1"
"Selena Gomez", "2017Dead", "1"
"Selena Gomez", "July 2019", "1"
"Selena Gomez", "Freaking Out Over Countdown", "1"
"Selena Gomez", "Tiger Beat Ali Booth", "1"
"Selena Gomez", "May 7, 2017", "1"
"Selena Gomez", "May 11", "1"
"Selena Gomez", "May 11, 2017", "1"
"Selena Gomez", "Spotify", "1"
"Selena Gomez", "'70s", "1"
"Selena Gomez", "Bad Liar" Music Video Is a Trip", "1"
"Selena Gomez", "July 13, 2017", "1"
"Selena Gomez", "July 7, 2017", "1"
"Selena Gomez", "July 8, 2017 >", "1"
"Selena Gomez", "August 2017", "1"
"Selena Gomez", "Fanning", "1"
"Selena Gomez", "Timothée Chalamet", "1"
"Selena Gomez", "Woody Allen Film", "1"
"Selena Gomez", "Variety Brent Lang", "1"
"Selena Gomez", "August 8, 2017", "1"
"Selena Gomez", "September 11, 2017", "1"
"Selena Gomez", "Allen", "1"
"Selena Gomez", "Magazine", "1"
"Selena Gomez", "January 29, 2018", "1"
"Selena Gomez", "Woody Allen's", "1"
"Selena Gomez", "October 19, 2017", "1"
"Selena Gomez", "Marshmello", "1"
"Selena Gomez", "Wolves (Selena Gomez and Marshmello song", "1"
"Selena Gomez", "Fernandez Celia", "1"
"Selena Gomez", "October 21, 2017", "1"
"Selena Gomez", "Propulsive New EDM Song", "1"
"Selena Gomez", "10, 2018", "1"
"Selena Gomez", "July 2018", "1"
"Selena Gomez", "Ramos", "1"
"Selena Gomez", "April 11, 2018 title '", "1"
"Selena Gomez", "Hotel Transylvania 3  Summer Vacation' Inspired By Director's Family Cruise", "1"
"Selena Gomez", "Chrissy Teigen", "1"
"Selena Gomez", "Joe Jonas", "1"
"Selena Gomez", "Today date March 21, 2018 title '", "1"
"Selena Gomez", "Hotel Transylvania 3'  Meet Van Helsings", "1"
"Selena Gomez", "Drac", "1"
"Selena Gomez", "New Jersey", "1"
"Selena Gomez", "L.A.", "1"
"Selena Gomez", "DJ Snake's", "1"
"Selena Gomez", ""Taki Taki (song)", "1"
"Selena Gomez", "Taki Taki", "1"
"Selena Gomez", "Cardi B", "1"
"Selena Gomez", "September 2018", "1"
"Selena Gomez", "Cardi B & Ozuna", "1"
"Selena Gomez", "Billboard Suzette Fernandez", "1"
"Selena Gomez", "September 17, 2018", "1"
"Selena Gomez", "January 10, 2019", "1"
"Selena Gomez", "Julia Michaels's", "1"
"Selena Gomez", "Michaels", "1"
"Selena Gomez", "January 2019", "1"
"Selena Gomez", "Tainy and J Balvin", "1"
"Selena Gomez", "Benny Blanco's", "1"
"Selena Gomez", "I Can't Get Enough", "1"
"Selena Gomez", "February 2019", "1"
"Selena Gomez", "March 31, 2019", "1"
"Selena Gomez", "October 22", "1"
"Selena Gomez", "The Dead Don't Die", "1"
"Selena Gomez", "Murray", "1"
"Selena Gomez", "Zombie Comedy '", "1"
"Selena Gomez", "July 19, 2018 >", "1"
"Selena Gomez", "September 2019", "1"
"Selena Gomez", "eight", "1"
"Selena Gomez", "Gomez Produced 'Living Undocumented'", "1"
"Selena Gomez", "First Look Trailer Petski Denise", "1"
"Selena Gomez", "October 2, 2019", "1"
"Selena Gomez", "Gomez Produced Docuseries '", "1"
"Selena Gomez", "Stavropoulos Laura", "1"
"Selena Gomez", "Look at Her Now", "1"
"Selena Gomez", "November 9, 2019", "1"
"Selena Gomez", "Love Me'", "1"
"Selena Gomez", "November 4, 2019", "1"
"Selena Gomez", "January 10, 2020", "1"
"Selena Gomez", "Curto Justin", "1"
"Selena Gomez", "November 21,", "1"
"Selena Gomez", "Vulture", "1"
"Selena Gomez", "November 21, 2019", "1"
"Selena Gomez", "Selena Gomez Reviews", "1"
"Selena Gomez", "January 11", "1"
"Selena Gomez", "January 22, 2020 >", "1"
"Selena Gomez", "Dolittle", "1"
"Selena Gomez", "Stephen Gaghan", "1"
"Selena Gomez", "Robert Downey Jr.'s", "1"
"Selena Gomez", "6, 2018", "1"
"Selena Gomez", "February 7, 2018", "1"
"Selena Gomez", "February 6, 2018", "1"
"Selena Gomez", "Robert Downey Jr.", "1"
"Selena Gomez", "The Voyage of Doctor Dolittle' >", "1"
"Selena Gomez", "May", "1"
"Selena Gomez", "May 5", "1"
"Selena Gomez", "6, 2020", "1"
"Selena Gomez", "Rick Porter", "1"
"Selena Gomez", "May 5, 2020", "1"
"Selena Gomez", "August 13, 2020", "1"
"Selena Gomez", "Sandra Gonzalez", "1"
"Selena Gomez", "8", "1"
"Selena Gomez", "Trevor Daniel", "1"
"Selena Gomez", "Trevor Daniel's", "1"
"Selena Gomez", "Past Life (", "1"
"Selena Gomez", "Past Life", "1"
"Selena Gomez", "Guessed It", "1"
"Selena Gomez", "Selena Gomez & Trevor Daniel", "1"
"Selena Gomez", "a New Collab", "1"
"Selena Gomez", "This Week", "1"
"Selena Gomez", "Heran Mamo", "1"
"Selena Gomez", "June 23, 2020", "1"
"Selena Gomez", "August", "1"
"Selena Gomez", "South Korean", "1"
"Selena Gomez", "Korean", "1"
"Selena Gomez", "Album", "1"
"Selena Gomez", "August 21", "1"
"Selena Gomez", "Blackpink & Selena", "1"
"Selena Gomez", "Billboard >", "1"
"Selena Gomez", "Steve Martin", "1"
"Selena Gomez", "Martin Short", "1"
"Selena Gomez", "August 7", "1"
"Selena Gomez", "Steve Martin & Martin", "1"
"Selena Gomez", "8, 2020", "1"
"Selena Gomez", "The Walt Disney Company", "1"
"Selena Gomez", "Yang", "1"
"Selena Gomez", "Rachel  title", "1"
"Selena Gomez", "Megan Thee Stallion", "1"
"Selena Gomez", "December 4, 2021  date September 23, 2020", "1"
"Selena Gomez", "November 2020", "1"
"Selena Gomez", "In Shadow of Mountain", "1"
"Selena Gomez", "November 13, 2020", "1"
"Selena Gomez", "NBC News", "1"
"Selena Gomez", "November 12, 2020 >", "1"
"Selena Gomez", "De Una Vez", "1"
"Selena Gomez", "January 14, 2020", "1"
"Selena Gomez", "Baila Conmigo (Selena Gomez", "1"
"Selena Gomez", "Rauw Alejandro", "1"
"Selena Gomez", "Baila Conmigo", "1"
"Selena Gomez", "March 12", "1"
"Selena Gomez", "Bloom", "1"
"Selena Gomez", "March 4", "1"
"Selena Gomez", "Shaffer Claire", "1"
"Selena Gomez", "March 4, 2021", "1"
"Selena Gomez", "Selena Gomez Share Surreal Video", "1"
"Selena Gomez", "12, 2021", "1"
"Selena Gomez", "Colombian", "1"
"Selena Gomez", "August 27, 2021", "1"
"Selena Gomez", "202", "1"
"Selena Gomez", "Rovi Corporation", "1"
"Selena Gomez", "April 6, 2012", "1"
"Selena Gomez", "Entertainment Tonight Canada ET Canada", "1"
"Selena Gomez", "November 15, 2014", "1"
"Selena Gomez", "Lose You To Love Me'", "1"
"Selena Gomez", "23, 2019", "1"
"Selena Gomez", "Voice", "1"
"Selena Gomez", "Lori Melton", "1"
"Selena Gomez", "October 17, 2015", "1"
"Selena Gomez", "December 8, 2015", "1"
"Selena Gomez", "November 7, 2013", "1"
"Selena Gomez", "September 9, 2014", "1"
"Selena Gomez", "N.J.", "1"
"Selena Gomez", "NJ.com", "1"
"Selena Gomez", "October 13, 2015", "1"
"Selena Gomez", "Selena Gomez journal", "1"
"Selena Gomez", "Selena Gomez & Scene Scene", "1"
"Selena Gomez", "November 11, 2014", "1"
"Selena Gomez", "September 25, 2009", "1"
"Selena Gomez", "May 7, 2014", "1"
"Selena Gomez", "Selena Gomez & The Scene – A Year", "1"
"Selena Gomez", "October 15, 2012", "1"
"Selena Gomez", "October 8, 2012", "1"
"Selena Gomez", "Kitty Empire", "1"
"Selena Gomez", "July 2, 2011", "1"
"Selena Gomez", "synth", "1"
"Selena Gomez", "Review", "1"
"Selena Gomez", "Herald Kim", "1"
"Selena Gomez", "November 11, 2010", "1"
"Selena Gomez", "Rolling1", "1"
"Selena Gomez", "When The Sun Goes Down", "1"
"Selena Gomez", "August 2, 2011", "1"
"Selena Gomez", "August 2, 2011 >", "1"
"Selena Gomez", "Voxxi Ltd", "1"
"Selena Gomez", "September 23, 2013", "1"
"Selena Gomez", "LA", "1"
"Selena Gomez", "sassy", "1"
"Selena Gomez", "August  Brown", "1"
"Selena Gomez", "August 12, 2015 date May 10, 2013", "1"
"Selena Gomez", "Disco", "1"
"Selena Gomez", "Sendra allmusic Review", "1"
"Selena Gomez", "Songs", "1"
"Selena Gomez", "Reviews, Credits,", "1"
"Selena Gomez", "July 21, 2013", "1"
"Selena Gomez", "Fuse", "1"
"Selena Gomez", "Lukas", "1"
"Selena Gomez", "Nylon", "1"
"Selena Gomez", "November 6, 2014", "1"
"Selena Gomez", "August 27, 2015", "1"
"Selena Gomez", "Lindner, Emilee", "1"
"Selena Gomez", "Strecker", "1"
"Selena Gomez", "Adult", "1"
"Selena Gomez", "Menyes", "1"
"Selena Gomez", "Carolyn", "1"
"Selena Gomez", "Music Times", "1"
"Selena Gomez", "August 28, 2015", "1"
"Selena Gomez", "Bruno Mars", "1"
"Selena Gomez", "May 21, 2011", "1"
"Selena Gomez", "Selena Gomez Talks About Being Inspired By Bruno Mars", "1"
"Selena Gomez", "January 13, 2014", "1"
"Selena Gomez", "Disney Dreaming > Gomez", "1"
"Selena Gomez", "Britney Spears", "1"
"Selena Gomez", "Beyoncé", "1"
"Selena Gomez", "First Juneau Jen", "1"
"Selena Gomez", "October 29,", "1"
"Selena Gomez", "People (", "1"
"Selena Gomez", "February 11, 2020", "1"
"Selena Gomez", "July 25, 2013", "1"
"Selena Gomez", "May 13, 2020", "1"
"Selena Gomez", "Christina Aguilera's", "1"
"Selena Gomez", "September 21, 2015 date", "1"
"Selena Gomez", "September 2, 2015", "1"
"Selena Gomez", "Disney Dreaming", "1"
"Selena Gomez", "February 23, 2013", "1"
"Selena Gomez", "Selena Gomez Talks New Album", "1"
"Selena Gomez", "Bradley Cooper", "1"
"Selena Gomez", "Beyonce", "1"
"Selena Gomez", "Iconoclast Entertainment Group", "1"
"Selena Gomez", "November 10, 2013", "1"
"Selena Gomez", "September 27, 2015", "1"
"Selena Gomez", "Skrillex", "1"
"Selena Gomez", "Carl", "1"
"Selena Gomez", "May 8, 2013", "1"
"Selena Gomez", "June 4, 2013", "1"
"Selena Gomez", "Aguilera", "1"
"Selena Gomez", "Selena Gomez Talks "", "1"
"Selena Gomez", "Secret Event &", "1"
"Selena Gomez", "September 11, 2015", "1"
"Selena Gomez", "October 9", "1"
"Selena Gomez", "180px Gomez", "1"
"Selena Gomez", "30", "1"
"Selena Gomez", "Sears Arrive Air Band Casting Call", "1"
"Selena Gomez", "Sears Air Band", "1"
"Selena Gomez", "MTV Video Music Awards", "1"
"Selena Gomez", "June 18, 2011", "1"
"Selena Gomez", "Selena Gomez Photos", "1"
"Selena Gomez", "Borden Milk", "1"
"Selena Gomez", "Bohemian Clothes", "1"
"Selena Gomez", "T.L. Tran", "1"
"Selena Gomez", "March 30, 2010", "1"
"Selena Gomez", "Case Mate", "1"
"Selena Gomez", "Right Case, Right Occasion", "1"
"Selena Gomez", "Vivamore", "1"
"Selena Gomez", "Selena Gomez Perfume &", "1"
"Selena Gomez", "Celebrityperfumestore.com", "1"
"Selena Gomez", "October 22, 2016", "1"
"Selena Gomez", "Nails &", "1"
"Selena Gomez", "Celebrityclothingline.com", "1"
"Selena Gomez", "2013 to 2015", "1"
"Selena Gomez", "Neo", "1"
"Selena Gomez", "Twistmagazine.com", "1"
"Selena Gomez", "3&nbsp;million", "1"
"Selena Gomez", "June 15, 2015", "1"
"Selena Gomez", "Louis Vuitton", "1"
"Selena Gomez", "Louis Vuitton Series", "1"
"Selena Gomez", "Harpersbazaar.com", "1"
"Selena Gomez", "June 22, 2016", "1"
"Selena Gomez", "Share a Coke", "1"
"Selena Gomez", "Coca Cola", "1"
"Selena Gomez", "April 29, 2016", "1"
"Selena Gomez", "Inc Coach", "1"
"Selena Gomez", "Schneider", "1"
"Selena Gomez", "New York Times", "1"
"Selena Gomez", "December 16, 2016", "1"
"Selena Gomez", "January 12, 2017", "1"
"Selena Gomez", "Selena Grace", "1"
"Selena Gomez", "March 29, 2018", "1"
"Selena Gomez", "29", "1"
"Selena Gomez", "98", "1"
"Selena Gomez", "a date 20 years before", "1"
"Selena Gomez", "March 30, 2018", "1"
"Selena Gomez", "Phenom Lux", "1"
"Selena Gomez", "March 2018", "1"
"Selena Gomez", "Gray", "1"
"Selena Gomez", "Yasmine", "1"
"Selena Gomez", "Gomez Debuts '", "1"
"Selena Gomez", "November 21, 2017", "1"
"Selena Gomez", "December 9, 2017", "1"
"Selena Gomez", "December 12 of that year", "1"
"Selena Gomez", "October 23, 2020", "1"
"Selena Gomez", "800,000", "1"
"Selena Gomez", "75", "1"
"Selena Gomez", "Instagram post", "1"
"Selena Gomez", "May 7, 2019", "1"
"Selena Gomez", "Rare Beauty's", "1"
"Selena Gomez", "Mini Magazine", "1"
"Selena Gomez", "28 March 2021", "1"
"Selena Gomez", "www.vegannews.co Dead", "1"
"Selena Gomez", "March 2022", "1"
"Selena Gomez", "200px Gomez", "1"
"Selena Gomez", "October 2008", "1"
"Selena Gomez", "St. Jude's", "1"
"Selena Gomez", "Runway For Life", "1"
"Selena Gomez", "St. Judes", "1"
"Selena Gomez", "Looktothestars.org", "1"
"Selena Gomez", "October 14, 2008", "1"
"Selena Gomez", "Halloween", "1"
"Selena Gomez", "October 9, 2008", "1"
"Selena Gomez", "6, 2009", "1"
"Selena Gomez", "Looktothestars.org >", "1"
"Selena Gomez", "17 years old", "1"
"Selena Gomez", "Been Announced", "1"
"Selena Gomez", "TeenVogue", "1"
"Selena Gomez", "November 21, 2018", "1"
"Selena Gomez", "December 12, 2018", "1"
"Selena Gomez", "September 2009", "1"
"Selena Gomez", "one week", "1"
"Selena Gomez", "September 3, 2009", "1"
"Selena Gomez", "September 6, 2009", "1"
"Selena Gomez", "Africa", "1"
"Selena Gomez", "25,000", "1"
"Selena Gomez", "25,000 to zero", "1"
"Selena Gomez", "zero", "1"
"Selena Gomez", "second year in a row", "1"
"Selena Gomez", "January 28, 2010", "1"
"Selena Gomez", "Youth Action", "1"
"Selena Gomez", "U.S. Fund", "1"
"Selena Gomez", "over $700,000", "1"
"Selena Gomez", "US$1&nbsp;million", "1"
"Selena Gomez", "ghanatrip"/> Gomez", "1"
"Selena Gomez", "October 26, 2009", "1"
"Selena Gomez", "60 years", "1"
"Selena Gomez", "May 26, 2009", "1"
"Selena Gomez", "May 30, 2010", "1"
"Selena Gomez", "June 8, 2010", "1"
"Selena Gomez", "Selena Gomez & The Scene Announce a Charity Concert", "1"
"Selena Gomez", "60th Anniversary", "1"
"Selena Gomez", "October 6, 2011", "1"
"Selena Gomez", "21, 2011", "1"
"Selena Gomez", "February 2011", "1"
"Selena Gomez", "Programa Puente", "1"
"Selena Gomez", "Chilean", "1"
"Selena Gomez", "February 2, 2011", "1"
"Selena Gomez", "August 21, 2011 >", "1"
"Selena Gomez", "March 2011", "1"
"Selena Gomez", "UNICEF Tap Project's", "1"
"Selena Gomez", "Celebrity Tap Pack", "1"
"Selena Gomez", "UNICEF Tap Project to Provide Safe", "1"
"Selena Gomez", "March 13, 2011", "1"
"Selena Gomez", "March 29, 2011", "1"
"Selena Gomez", "CBS News", "1"
"Selena Gomez", "April 20, 2011", "1"
"Selena Gomez", "May 29, 2014", "1"
"Selena Gomez", "UR Votes Count", "1"
"Selena Gomez", "Barack Obama", "1"
"Selena Gomez", "John McCain", "1"
"Selena Gomez", "Dagostino", "1"
"Selena Gomez", "August 6, 2009 >

Gomez", "1"
"Selena Gomez", "Gomez Cares For Dogs", "1"
"Selena Gomez", "March 8, 2009", "1"
"Selena Gomez", "Wizards of Waverly Place  The Movie", "1"
"Selena Gomez", "Late Night", "1"
"Selena Gomez", "Jimmy Fallon&nbsp", "1"
"Selena Gomez", "Guest", "1"
"Selena Gomez", "Late Night With Jimmy Fallon", "1"
"Selena Gomez", "August 5, 2009", "1"
"Selena Gomez", "August 12, 2009", "1"
"Selena Gomez", "Enough Project", "1"
"Selena Gomez", "Congolese", "1"
"Selena Gomez", "July 10, 2009", "1"
"Selena Gomez", "Disney's Friends for Change", "1"
"Selena Gomez", "Selena Gomez – Friends For Change", "1"
"Selena Gomez", "October 28, 2010", "1"
"Selena Gomez", "February 22, 2016", "1"
"Selena Gomez", "Disney's", "1"
"Selena Gomez", "Friends for Change", "1"
"Selena Gomez", "Disney's Friends For Change", "1"
"Selena Gomez", "Disney Worldwide Conservation Fund", "1"
"Selena Gomez", "August 6, 2009", "1"
"Selena Gomez", "August 20, 2009", "1"
"Selena Gomez", "DOC", "1"
"Selena Gomez", "11, 2011", "1"
"Selena Gomez", "number 20", "1"
"Selena Gomez", "April 2012", "1"
"Selena Gomez", "Ed", "1"
"Selena Gomez", "Cunicelli", "1"
"Selena Gomez", "October 27, 2014", "1"
"Selena Gomez", "The Children's Hospital of Philadelphia", "1"
"Selena Gomez", "a Ryan Seacrest Foundation", "1"
"Selena Gomez", "Selena Gomez Tapped", "1"
"Selena Gomez", "The Ryan Seacrest Foundation", "1"
"Selena Gomez", "State Farm Insurance", "1"
"Selena Gomez", "February 3, 2009", "1"
"Selena Gomez", "Nellie Mainor", "1"
"Selena Gomez", "20, 2018", "1"
"Selena Gomez", "WE Day 2019", "1"
"Selena Gomez", "April 25", "1"
"Selena Gomez", "ABC News Radio", "1"
"Selena Gomez", "June 24, 2019", "1"
"Selena Gomez", "December 2019", "1"
"Selena Gomez", "Philanthropic Trip", "1"
"Selena Gomez", "December 19, 2019", "1"
"Selena Gomez", "February 11", "1"
"Selena Gomez", "Lustig  Hanna", "1"
"Selena Gomez", "July 22, 2018", "1"
"Selena Gomez", "Teen Vogue", "1"
"Selena Gomez", "March 21, 2017", "1"
"Selena Gomez", "Sorta Sad", "1"
"Selena Gomez", "Robinson Peter", "1"
"Selena Gomez", "November 11, 2017", "1"
"Selena Gomez", "Whisperpop", "1"
"Selena Gomez", "21, 2022", "1"
"Selena Gomez", "Art Award", "1"
"Selena Gomez", "Hispanic Heritage Foundation", "1"
"Selena Gomez", "Woman of Year", "1"
"Selena Gomez", "September 23, 2020 >", "1"
"Selena Gomez", "2022", "1"
"Selena Gomez", "today", "1"
"Selena Gomez", "Janine", "1"
"Selena Gomez", "March 16, 2022", "1"
"Selena Gomez", "Women Changing Music Industry", "1"
"Selena Gomez", "People > Variety (", "1"
"Selena Gomez", "September 26, 2017", "1"
"Selena Gomez", "June 20, 2020", "1"
"Selena Gomez", "Mamo  Heran", "1"
"Selena Gomez", "Times", "1"
"Selena Gomez", "May 5, 2021", "1"
"Selena Gomez", "pride month", "1"
"Selena Gomez", "30 Days of Pride", "1"
"Selena Gomez", "month of June 2016", "1"
"Selena Gomez", "North Carolina", "1"
"Selena Gomez", "LGBTQ Community for Pride Month", "1"
"Selena Gomez", "Diaz Thatiana", "1"
"Selena Gomez", "June 5, 2017", "1"
"Selena Gomez", "Alicia Garza", "1"
"Selena Gomez", "Black Futures Lab", "1"
"Selena Gomez", "June 2020", "1"
"Selena Gomez", "Richards Will", "1"
"Selena Gomez", "June 19, 2020", "1"
"Selena Gomez", "Lady Gaga", "1"
"Selena Gomez", "Mekkaoui Meeran", "1"
"Selena Gomez", "June 9, 2020", "1"
"Selena Gomez", "Buro", "1"
"Selena Gomez", "Human Life Protection Act Alabama", "1"
"Selena Gomez", "May 2019", "1"
"Selena Gomez", "Gómez Under Fire for Speaking Out Against Alabama Abortion Ban", "1"
"Selena Gomez", "Pro Choice Instagram Post", "1"
"Selena Gomez", "Hansen Lena", "1"
"Selena Gomez", "May 20, 2019", "1"
"Selena Gomez", "October 22, 2020 >", "1"
"Selena Gomez", "VAX Live  The Concert to Reunite World", "1"
"Selena Gomez", "Global Citizen (", "1"
"Selena Gomez", "Global Citizen", "1"
"Selena Gomez", "$22.1 billion", "1"
"Selena Gomez", "17 April 2021", "1"
"Selena Gomez", "April 2021", "1"
"Selena Gomez", "$4.9 million", "1"
"Selena Gomez", "Encino", "1"
"Selena Gomez", "California Encino", "1"
"Selena Gomez", "$4.9 Million", "1"
"Selena Gomez", "L.A. Mansion", "1"
"Selena Gomez", "April 10, 2020", "1"
"Selena Gomez", "Catholic Church Catholic", "1"
"Selena Gomez", "age 13", "1"
"Selena Gomez", "22, 2017", "1"
"Selena Gomez", "Gibbs", "1"
"Selena Gomez", "York Daily News", "1"
"Selena Gomez", "December 22, 2017 >", "1"
"Selena Gomez", "Hillsong United", "1"
"Selena Gomez", "2014 2014", "1"
"Selena Gomez", "Law Jeannie", "1"
"Selena Gomez", "Selena Gomez Revealed She Listened", "1"
"Selena Gomez", "16, 2014", "1"
"Selena Gomez", "September 8, 2018 >", "1"
"Selena Gomez", "Hillsong Young &amp", "1"
"Selena Gomez", "June 12, 2017", "1"
"Selena Gomez", "Young & Free", "1"
"Selena Gomez", "February 26, 2016", "1"
"Selena Gomez", "September 7", "1"
"Selena Gomez", "Transfiguration", "1"
"Selena Gomez", "Brasted Chelsea", "1"
"Selena Gomez", "Orlando", "1"
"Selena Gomez", "N.O.", "1"
"Selena Gomez", "14, 2016", "1"
"Selena Gomez", "July 1, 2016", "1"
"Selena Gomez", "29, 2016", "1"
"Selena Gomez", "Church (Again", "1"
"Selena Gomez", "Wednesday", "1"
"Selena Gomez", "September 5, 2020", "1"
"Selena Gomez", "November 30, 2017", "1"
"Selena Gomez", "September 8, 2020", "1"
"Selena Gomez", "New York Daily News", "1"
"Selena Gomez", "WSJ", "1"
"Selena Gomez", "Blasberg", "1"
"Selena Gomez", "September 2017", "1"
"Selena Gomez", "previous few months", "1"
"Selena Gomez", "Francia Raisa", "1"
"Selena Gomez", "Respers France", "1"
"Selena Gomez", "Lisa", "1"
"Selena Gomez", "September 15, 2017", "1"
"Selena Gomez", "this summer", "1"
"Selena Gomez", "September 14, 2017", "1"
"Selena Gomez", "Selena Gomez Reveals", "1"
"Selena Gomez", "McRady", "1"
"Selena Gomez", "Rachel title Selena Gomez", "1"
"Selena Gomez", "14", "1"
"Selena Gomez", "14, 2017", "1"
"Selena Gomez", "March 9, 2018", "1"
"Selena Gomez", "9, 2018", "1"
"Selena Gomez", "14, 2018", "1"
"Selena Gomez", "100 million", "1"
"Selena Gomez", "Weeks", "1"
"Selena Gomez", "January 9, 2020 >", "1"
"Selena Gomez", "April 2020", "1"
"Selena Gomez", "Gomez Opens Up About", "1"
"Selena Gomez", "Miley Cyrus's", "1"
"Selena Gomez", "Instagram Live", "1"
"Selena Gomez", "Harper", "1"
"Selena Gomez", "Bazaar", "1"
"Selena Gomez", "April 6, 2020 > >", "1"
"Selena Gomez", "Gomez Reveals Bipolar Diagnosis Mamo Heran", "1"
"Selena Gomez", "April 6, 2020", "1"
"Selena Gomez", "Love", "1"
"Selena Gomez", "December 2010 to March 2018", "1"
"Selena Gomez", "G. Muller", "1"
"Selena Gomez", "W Magazine", "1"
"Selena Gomez", "March 27, 2018", "1"
"Selena Gomez", "Russian", "1"
"Selena Gomez", "German", "1"
"Selena Gomez", "DJ Zedd", "1"
"Selena Gomez", "later that year", "1"
"Selena Gomez", "October 22, 2020 date August 11, 2017 >", "1"
"Selena Gomez", "January 2017", "1"
"Selena Gomez", "Weeknd", "1"
"Selena Gomez", "Yagoda", "1"
"Selena Gomez", "The Weeknd's Whirlwind Romance", "1"
"Selena Gomez", "12, 2017 date May 25, 2017", "1"
"Selena Gomez", "September", "1"
"Selena Gomez", "a month later", "1"
"Selena Gomez", "Murphy", "1"
"Selena Gomez", "The Weeknd Temporarily Move Into an Apartment Together", "1"
"Selena Gomez", "September 12, 2017 date September 11, 2017", "1"
"Selena Gomez", "The Weeknd Split After", "1"
"Selena Gomez", "10 Months", "1"
"Selena Gomez", "Chiu Melody", "1"
"Selena Gomez", "Main Selena", "1"
"Selena Gomez", "Main Selena Gomez", "1"
"Selena Gomez", "Selena Gomez Selena Gomez & Scene", "1"
"Selena Gomez", "Main List", "1"
"Selena Gomez", "Selena Gomez & Scene#Tours", "1"
"Selena Gomez", "Concert", "1"
"Selena Gomez", "2009–2010", "1"
"Selena Gomez", "2010–2011", "1"
"Selena Gomez", "2011–2012", "1"
"Selena Gomez", "Billboard Mainstream Top", "1"
"Selena Gomez", "List of Billboard Social 50", "1"
"Selena Gomez", "Americans", "1"
"Selena Gomez", "Dallas", "1"
"Selena Gomez", "Fort Worth", "1"
